"Code","Gene","Header","Species","Taxonomy","Classification"
"Amell","LIM","Amell_A0A7M7MG02_LIM_homeobox_protein_Lhx5_isoform_X1","Apis mellifera","Arthropoda","Bilateria"
"Dmela","LIM","Dmela_Q9V472_DLim1","Drosophila melanogaster","Arthropoda","Bilateria"
"Amell","LIM","Amell_A0A7M7MW08_LIM_homeobox_protein_Lhx3_isoform_X1","Apis mellifera","Arthropoda","Bilateria"
"Dmela","LIM","Dmela_M9PD53_Lim3_isoform_G","Drosophila melanogaster","Arthropoda","Bilateria"
"Amell","LIM","Amell_A0A7M7LIB9_LIM_homeobox_transcription_factor_1_beta_isoform_X1","Apis mellifera","Arthropoda","Bilateria"
"Dmela","LIM","Dmela_Q9VTW3_FI06571p","Drosophila melanogaster","Arthropoda","Bilateria"
"Dmela","LIM","Dmela_Q9VTW5_LIM_homeobox_transcription_factor_1_alpha_isoform_B","Drosophila melanogaster","Arthropoda","Bilateria"
"Amell","LIM","Amell_A0A7M7FYJ1_LIM_homeobox_protein_Awh_isoform_X1","Apis mellifera","Arthropoda","Bilateria"
"Amell","LIM","Amell_A0A7M7GPI0_LIM_homeobox_protein_Awh","Apis mellifera","Arthropoda","Bilateria"
"Dmela","LIM","Dmela_Q8IRC7_LIM_homeobox_protein_Awh","Drosophila melanogaster","Arthropoda","Bilateria"
"Amell","LIM","Amell_A0A7M7M113_LIM_homeobox_protein_Lhx9","Apis mellifera","Arthropoda","Bilateria"
"Dmela","LIM","Dmela_P29673_Protein_apterous","Drosophila melanogaster","Arthropoda","Bilateria"
"Amell","LIM","Amell_A0A7M7LTJ6_Insulin_gene_enhancer_protein_ISL_1_isoform_X1","Apis mellifera","Arthropoda","Bilateria"
"Dmela","LIM","Dmela_Q9VJ37_Tailup_isoform_A","Drosophila melanogaster","Arthropoda","Bilateria"
"Amell","CERS","Amell_A0A7M7MX52_Ceramide_synthase_6","Apis mellifera","Arthropoda","Bilateria"
"Dmela","CERS","Dmela_Q9W423_LD18904p","Drosophila melanogaster","Arthropoda","Bilateria"
"Amell","POU","Amell_A0A7M7IV70_POU_domain_class_6_transcription_factor_1_isoform_X1","Apis mellifera","Arthropoda","Bilateria"
"Dmela","POU","Dmela_A0A0B4JD55_Pou_domain_motif_3_isoform_F","Drosophila melanogaster","Arthropoda","Bilateria"
"Amell","POU","Amell_A0A7M7GUR5_POU_domain_protein","Apis mellifera","Arthropoda","Bilateria"
"Dmela","POU","Dmela_P24350_Inhibitory_POU_protein","Drosophila melanogaster","Arthropoda","Bilateria"
"Amell","POU","Amell_A0A7M7MPZ4_POU_domain_protein","Apis mellifera","Arthropoda","Bilateria"
"Dmela","POU","Dmela_P16241_POU_domain_protein_CF1A","Drosophila melanogaster","Arthropoda","Bilateria"
"Amell","POU","Amell_A0A7M7GK61_POU_domain_protein","Apis mellifera","Arthropoda","Bilateria"
"Dmela","POU","Dmela_P31368_Protein_nubbin","Drosophila melanogaster","Arthropoda","Bilateria"
"Dmela","POU","Dmela_Q9VK71_POU_domain_protein_2_isoform_B","Drosophila melanogaster","Arthropoda","Bilateria"
"Amell","SOX","Amell_A0A7M7G080_Transcription_factor_Sox_7","Apis mellifera","Arthropoda","Bilateria"
"Amell","SOX","Amell_A0A7M7IJP5_Transcription_factor_Sox_10_isoform_X1","Apis mellifera","Arthropoda","Bilateria"
"Amell","SOX","Amell_A0A7M7H127_Transcription_factor_SOX_2_like_isoform_X1","Apis mellifera","Arthropoda","Bilateria"
"Amell","SOX","Amell_A0A7M7SRG9_Transcription_factor_Sox_2_isoform_X1","Apis mellifera","Arthropoda","Bilateria"
"Dmela","SOX","Dmela_M9PCZ7_SoxNeuro_isoform_B","Drosophila melanogaster","Arthropoda","Bilateria"
"Amell","SOX","Amell_A0A7M7M551_Transcription_factor_Sox_21_B_like","Apis mellifera","Arthropoda","Bilateria"
"Dmela","SOX","Dmela_Q24533_SOX_domain_containing_protein_dichaete","Drosophila melanogaster","Arthropoda","Bilateria"
"Amell","SOX","Amell_A0A7M7L976_Probable_serine_threonine_protein_kinase_DDB_G0272282","Apis mellifera","Arthropoda","Bilateria"
"Dmela","SOX","Dmela_M9PFG6_Sox21a_isoform_B","Drosophila melanogaster","Arthropoda","Bilateria"
"Amell","SOX","Amell_A0A7M7FZW8_Transcription_factor_Sox_21_B","Apis mellifera","Arthropoda","Bilateria"
"Dmela","SOX","Dmela_M9PCG2_Sox21b_isoform_C","Drosophila melanogaster","Arthropoda","Bilateria"
"Dmela","SOX","Dmela_Q59DN5_FI18025p1","Drosophila melanogaster","Arthropoda","Bilateria"
"Amell","SOX","Amell_A0A7M7R6H9_Transcription_factor_SOX_5_isoform_X1","Apis mellifera","Arthropoda","Bilateria"
"Amell","SOX","Amell_A0A7M7MKY2_Transcription_factor_SOX_15_isoform_X1","Apis mellifera","Arthropoda","Bilateria"
"Dmela","SOX","Dmela_P40657_Putative_transcription_factor_SOX_15","Drosophila melanogaster","Arthropoda","Bilateria"
"Dmela","SOX","Dmela_Q9VA17_Sox100B","Drosophila melanogaster","Arthropoda","Bilateria"
"Dmela","SOX","Dmela_P40656_Putative_transcription_factor_SOX_14","Drosophila melanogaster","Arthropoda","Bilateria"
"Dmela","SOX","Dmela_O61348_Bobby_sox","Drosophila melanogaster","Arthropoda","Bilateria"
"Amell","NKL","Amell_A0A7M7MV36_Homeobox_protein_Nkx_2_5_like","Apis mellifera","Arthropoda","Bilateria"
"Amell","NKL","Amell_A0A7M7M0U2_Paired_mesoderm_homeobox_protein_2A","Apis mellifera","Arthropoda","Bilateria"
"Amell","NKL","Amell_A0A7M7ILB0_Probable_serine_threonine_protein_kinase_mps1","Apis mellifera","Arthropoda","Bilateria"
"Dmela","NKL","Dmela_Q7KS77_Ladybird_early","Drosophila melanogaster","Arthropoda","Bilateria"
"Dmela","NKL","Dmela_A0A0B4KH37_Ladybird_late_isoform_C","Drosophila melanogaster","Arthropoda","Bilateria"
"Dmela","NKL","Dmela_Q9VDF0_Hematopoietically_expressed_homeobox","Drosophila melanogaster","Arthropoda","Bilateria"
"Dmela","NKL","Dmela_Q7KS72_C15","Drosophila melanogaster","Arthropoda","Bilateria"
"Dmela","NKL","Dmela_P09090_Protein_zerknuellt_2","Drosophila melanogaster","Arthropoda","Bilateria"
"Dmela","NKL","Dmela_P20009_Homeotic_protein_distal_less","Drosophila melanogaster","Arthropoda","Bilateria"
"Amell","NKL","Amell_A0A7M7IQI4_Distal_less_isoform_X1","Apis mellifera","Arthropoda","Bilateria"
"Amell","NKL","Amell_A0A7M7TFZ6_Homeotic_protein_empty_spiracles","Apis mellifera","Arthropoda","Bilateria"
"Dmela","NKL","Dmela_Q9VFQ3_E5","Drosophila melanogaster","Arthropoda","Bilateria"
"Dmela","NKL","Dmela_P18488_Homeotic_protein_empty_spiracles","Drosophila melanogaster","Arthropoda","Bilateria"
"Dmela","NKL","Dmela_P10181_Homeobox_protein_rough","Drosophila melanogaster","Arthropoda","Bilateria"
"Amell","NKL","Amell_A0A7M7G9V6_Homeobox_protein_rough_like","Apis mellifera","Arthropoda","Bilateria"
"Dmela","NKL","Dmela_P10035_Homeobox_protein_H2_0","Drosophila melanogaster","Arthropoda","Bilateria"
"Dmela","NKL","Dmela_P22807_Homeobox_protein_slou","Drosophila melanogaster","Arthropoda","Bilateria"
"Amell","NKL","Amell_A0A7M7GMT4_Homeobox_protein_ARX","Apis mellifera","Arthropoda","Bilateria"
"Amell","NKL","Amell_P15858_Homeobox_protein_H40_Fragment","Apis mellifera","Arthropoda","Bilateria"
"Dmela","NKL","Dmela_P22808_Homeobox_protein_vnd","Drosophila melanogaster","Arthropoda","Bilateria"
"Amell","NKL","Amell_A0A7M7TFA4_Homeobox_protein_Nkx_2_4","Apis mellifera","Arthropoda","Bilateria"
"Dmela","NKL","Dmela_Q7PL95_Scarecrow_isoform_A","Drosophila melanogaster","Arthropoda","Bilateria"
"Amell","NKL","Amell_A0A7M7FZF9_Homeobox_protein_Nkx_2_8_isoform_X1","Apis mellifera","Arthropoda","Bilateria"
"Dmela","NKL","Dmela_Q9VFK4_NK7_1_isoform_A","Drosophila melanogaster","Arthropoda","Bilateria"
"Amell","NKL","Amell_A0A7M7G2E5_Homeobox_protein_B_H2_like","Apis mellifera","Arthropoda","Bilateria"
"Dmela","NKL","Dmela_Q9VEI9_Homeobox_protein_Hmx","Drosophila melanogaster","Arthropoda","Bilateria"
"Dmela","NKL","Dmela_P22711_Muscle_specific_homeobox_protein_tinman","Drosophila melanogaster","Arthropoda","Bilateria"
"Amell","NKL","Amell_A0A7M7GAQ9_Homeobox_protein_Nkx_2_5_like","Apis mellifera","Arthropoda","Bilateria"
"Dmela","NKL","Dmela_A0A6J3T5M5_HGTX_isoform_C","Drosophila melanogaster","Arthropoda","Bilateria"
"Amell","NKL","Amell_A0A7M7GT82_Homeobox_protein_Nkx_6_1","Apis mellifera","Arthropoda","Bilateria"
"Amell","NKL","Amell_A0A7M7GXD9_Uncharacterized_protein_LOC102655824","Apis mellifera","Arthropoda","Bilateria"
"Dmela","NKL","Dmela_Q9W064_Dbx","Drosophila melanogaster","Arthropoda","Bilateria"
"Amell","HOX","Amell_A0A7M7LPU4_Paired_mesoderm_homeobox_protein_1_like_isoform_X1","Apis mellifera","Arthropoda","Bilateria"
"Amell","HOX","Amell_A0A7M7GVA9_Retinal_homeobox_protein_Rx1_isoform_X1","Apis mellifera","Arthropoda","Bilateria"
"Dmela","HOX","Dmela_Q9W3C6_IP01065p","Drosophila melanogaster","Arthropoda","Bilateria"
"Dmela","HOX","Dmela_P09081_Homeotic_protein_bicoid","Drosophila melanogaster","Arthropoda","Bilateria"
"Dmela","HOX","Dmela_P06602_Segmentation_protein_even_skipped","Drosophila melanogaster","Arthropoda","Bilateria"
"Dmela","HOX","Dmela_P09087_Homeobox_protein_abdominal_B","Drosophila melanogaster","Arthropoda","Bilateria"
"Amell","HOX","Amell_A0A7M7MTP4_Homeobox_protein_engrailed_like","Apis mellifera","Arthropoda","Bilateria"
"Amell","HOX","Amell_P09076_Homeobox_protein_E30_Fragment","Apis mellifera","Arthropoda","Bilateria"
"Amell","HOX","Amell_G8FU58_Homeotic_protein_caudal","Apis mellifera","Arthropoda","Bilateria"
"Dmela","HOX","Dmela_P09085_Homeotic_protein_caudal","Drosophila melanogaster","Arthropoda","Bilateria"
"Amell","HOX","Amell_A0A7M7LMF4_Homeobox_protein_ceh_19","Apis mellifera","Arthropoda","Bilateria"
"Dmela","HOX","Dmela_Q8MZ02_Lateral_muscles_scarcer_isoform_B","Drosophila melanogaster","Arthropoda","Bilateria"
"Dmela","HOX","Dmela_M9NDG6_Homeobox_domain_containing_protein","Drosophila melanogaster","Arthropoda","Bilateria"
"Amell","HOX","Amell_A0A7M7IRQ7_Homeobox_protein_HMX2","Apis mellifera","Arthropoda","Bilateria"
"Amell","HOX","Amell_D2K023_Ultrabithorax","Apis mellifera","Arthropoda","Bilateria"
"Amell","HOX","Amell_A0A7M7MVJ5_Ultrabithorax_isoform_X1","Apis mellifera","Arthropoda","Bilateria"
"Dmela","HOX","Dmela_P83949_Homeotic_protein_ultrabithorax","Drosophila melanogaster","Arthropoda","Bilateria"
"Amell","HOX","Amell_A0A7M7IMY3_Homeobox_protein_abdominal_A_homolog_isoform_X1","Apis mellifera","Arthropoda","Bilateria"
"Dmela","HOX","Dmela_P29555_Homeobox_protein_abdominal_A","Drosophila melanogaster","Arthropoda","Bilateria"
"Amell","HOX","Amell_P15860_Homeobox_protein_H90_Fragment","Apis mellifera","Arthropoda","Bilateria"
"Amell","HOX","Amell_A0A7M7IJA6_Homeobox_protein_H90_isoform_X1","Apis mellifera","Arthropoda","Bilateria"
"Amell","HOX","Amell_Q9GYV0_Homeobox_protein_H90","Apis mellifera","Arthropoda","Bilateria"
"Dmela","HOX","Dmela_P02833_Homeotic_protein_antennapedia","Drosophila melanogaster","Arthropoda","Bilateria"
"Amell","HOX","Amell_A0A7M7IK85_Homeobox_protein_Hox_B4","Apis mellifera","Arthropoda","Bilateria"
"Dmela","HOX","Dmela_P02835_Segmentation_protein_fushi_tarazu","Drosophila melanogaster","Arthropoda","Bilateria"
"Amell","HOX","Amell_A0A7M7MUX9_Homeobox_protein_H55","Apis mellifera","Arthropoda","Bilateria"
"Dmela","HOX","Dmela_P09077_Homeotic_protein_Sex_combs_reduced","Drosophila melanogaster","Arthropoda","Bilateria"
"Amell","HOX","Amell_A0A7M7FYJ3_Homeotic_protein_deformed","Apis mellifera","Arthropoda","Bilateria"
"Dmela","HOX","Dmela_P07548_Homeotic_protein_deformed","Drosophila melanogaster","Arthropoda","Bilateria"
"Dmela","HOX","Dmela_Q7KUL4_Intermediate_neuroblasts_defective","Drosophila melanogaster","Arthropoda","Bilateria"
"Amell","HOX","Amell_A0A7M7GRY6_Homeobox_protein_Hox_C6a_isoform_X1","Apis mellifera","Arthropoda","Bilateria"
"Amell","HOX","Amell_A0A7M7GTX2_Homeobox_protein_Hox_B1a_isoform_X1","Apis mellifera","Arthropoda","Bilateria"
"Dmela","HOX","Dmela_P10105_Homeotic_protein_labial","Drosophila melanogaster","Arthropoda","Bilateria"
"Dmela","HOX","Dmela_P31264_Homeotic_protein_proboscipedia","Drosophila melanogaster","Arthropoda","Bilateria"
"Amell","HOX","Amell_A0A7M7FYS6_Homeobox_protein_GBX_2","Apis mellifera","Arthropoda","Bilateria"
"Amell","HOX","Amell_A0A7M7GL18_Homeobox_protein_abdominal_B_isoform_X1","Apis mellifera","Arthropoda","Bilateria"
"Amell","ZF","Amell_A0A7M7LLT0_Zinc_finger_protein_1_isoform_X1","Apis mellifera","Arthropoda","Bilateria"
"Dmela","ZF","Dmela_P28166_Zinc_finger_protein_1","Drosophila melanogaster","Arthropoda","Bilateria"
"Amell","ZF","Amell_A0A7M7GNP0_Segmentation_protein_even_skipped_isoform_X1","Apis mellifera","Arthropoda","Bilateria"
"Amell","ZF","Amell_A0A7M7SR14_Zinc_finger_homeobox_protein_4_isoform_X1","Apis mellifera","Arthropoda","Bilateria"
"Dmela","ZF","Dmela_P28167_Zinc_finger_protein_2","Drosophila melanogaster","Arthropoda","Bilateria"
"Dmela","SINE","Dmela_Q95RW8_Protein_Optix","Drosophila melanogaster","Arthropoda","Bilateria"
"Amell","SINE","Amell_A0A7M7R9A5_Homeobox_protein_SIX3","Apis mellifera","Arthropoda","Bilateria"
"Amell","SINE","Amell_A0A7M7LKH3_Homeobox_protein_SIX6","Apis mellifera","Arthropoda","Bilateria"
"Dmela","SINE","Dmela_Q9Y1P6_GM13131p","Drosophila melanogaster","Arthropoda","Bilateria"
"Amell","SINE","Amell_A0A7M7GRV2_Homeobox_protein_SIX2_isoform_X1","Apis mellifera","Arthropoda","Bilateria"
"Dmela","SINE","Dmela_Q27350_Protein_sine_oculis","Drosophila melanogaster","Arthropoda","Bilateria"
"Amell","CUT","Amell_A0A7M7MQI0_One_cut_domain_family_member","Apis mellifera","Arthropoda","Bilateria"
"Dmela","CUT","Dmela_Q9NJB5_Homeobox_protein_onecut","Drosophila melanogaster","Arthropoda","Bilateria"
"Amell","CUT","Amell_A0A7M7MH91_Homeobox_protein_cut_like","Apis mellifera","Arthropoda","Bilateria"
"Dmela","CUT","Dmela_P10180_Homeobox_protein_cut","Drosophila melanogaster","Arthropoda","Bilateria"
"Lungu","LIM","Lungu_A0A1S3JT23_LIM_homeobox_protein_Lhx1","Lingula unguis","Brachiopoda","Bilateria"
"Lungu","LIM","Lungu_A0A1S3H8A2_LIM_homeobox_protein_Lhx3","Lingula unguis","Brachiopoda","Bilateria"
"Lungu","LIM","Lungu_A0A1S3JXZ8_LIM_homeobox_transcription_factor_1_alpha_isoform_X1","Lingula unguis","Brachiopoda","Bilateria"
"Lungu","LIM","Lungu_A0A1S3JNH1_LIM_homeobox_protein_Awh","Lingula unguis","Brachiopoda","Bilateria"
"Lungu","LIM","Lungu_A0A1S3IYZ0_LIM_homeobox_protein_Lhx9_isoform_X1","Lingula unguis","Brachiopoda","Bilateria"
"Lungu","LIM","Lungu_A0A1S3INK5_Insulin_gene_enhancer_protein_ISL_1_isoform_X1","Lingula unguis","Brachiopoda","Bilateria"
"Lungu","CERS","Lungu_A0A1S3H7Z6_Ceramide_synthase_6_isoform_X1","Lingula unguis","Brachiopoda","Bilateria"
"Lungu","CERS","Lungu_A0A2R2MLS5_Ceramide_synthase_6","Lingula unguis","Brachiopoda","Bilateria"
"Lungu","POU","Lungu_A0A1S3HQ40_POU_domain_protein","Lingula unguis","Brachiopoda","Bilateria"
"Lungu","POU","Lungu_A0A1S3K981_POU_domain_protein","Lingula unguis","Brachiopoda","Bilateria"
"Lungu","POU","Lungu_A0A1S3I3F7_POU_domain_protein","Lingula unguis","Brachiopoda","Bilateria"
"Lungu","POU","Lungu_A0A1S3JX12_POU_domain_protein","Lingula unguis","Brachiopoda","Bilateria"
"Lungu","SOX","Lungu_A0A1S3JCR3_Transcription_factor_SOX_5_isoform_X1","Lingula unguis","Brachiopoda","Bilateria"
"Lungu","SOX","Lungu_A0A1S3IRW3_Transcription_factor_Sox_2","Lingula unguis","Brachiopoda","Bilateria"
"Lungu","SOX","Lungu_A0A1S3ISL2_Transcription_factor_SOX_14","Lingula unguis","Brachiopoda","Bilateria"
"Lungu","SOX","Lungu_A0A1S3IM14_Transcription_factor_SOX_4_like","Lingula unguis","Brachiopoda","Bilateria"
"Lungu","SOX","Lungu_A0A1S3H546_Transcription_factor_Sox_10","Lingula unguis","Brachiopoda","Bilateria"
"Lungu","SOX","Lungu_A0A1S3H584_Transcription_factor_SOX_9","Lingula unguis","Brachiopoda","Bilateria"
"Lungu","SOX","Lungu_A0A1S3J9F2_Transcription_factor_Sox_7","Lingula unguis","Brachiopoda","Bilateria"
"Lungu","SOX","Lungu_A0A1S3ICH1_Uncharacterized_protein_LOC106162714","Lingula unguis","Brachiopoda","Bilateria"
"Lungu","NKL","Lungu_A0A1S3J696_Homeobox_protein_ceh_9","Lingula unguis","Brachiopoda","Bilateria"
"Lungu","NKL","Lungu_A0A1S3J6N7_Homeobox_protein_Nkx_6_3","Lingula unguis","Brachiopoda","Bilateria"
"Lungu","NKL","Lungu_A0A1S3H7X4_Short_stature_homeobox_protein_2_like","Lingula unguis","Brachiopoda","Bilateria"
"Lungu","NKL","Lungu_A0A1S3I1R3_Retinal_homeobox_protein_Rx1","Lingula unguis","Brachiopoda","Bilateria"
"Lungu","NKL","Lungu_A0A1S3J2Q7_Homeobox_protein_Nkx_3_1","Lingula unguis","Brachiopoda","Bilateria"
"Lungu","NKL","Lungu_A0A1S3GYF3_Transcription_factor_LBX1","Lingula unguis","Brachiopoda","Bilateria"
"Lungu","NKL","Lungu_A0A1S3JK44_Hematopoietically_expressed_homeobox_protein_hhex","Lingula unguis","Brachiopoda","Bilateria"
"Lungu","NKL","Lungu_A0A2R2MQC0_Hematopoietically_expressed_homeobox_protein_hhex_like","Lingula unguis","Brachiopoda","Bilateria"
"Lungu","NKL","Lungu_A0A1S3IAV9_Homeobox_protein_Dlx1a_isoform_X1","Lingula unguis","Brachiopoda","Bilateria"
"Lungu","NKL","Lungu_A0A1S3J722_Homeobox_protein_EMX2","Lingula unguis","Brachiopoda","Bilateria"
"Lungu","NKL","Lungu_A0A1S3ICV4_Homeobox_protein_rough_like","Lingula unguis","Brachiopoda","Bilateria"
"Lungu","NKL","Lungu_A0A2R2MQ56_Homeobox_protein_rough_like","Lingula unguis","Brachiopoda","Bilateria"
"Lungu","NKL","Lungu_A0A2R2MPT5_H2_0_like_homeobox_protein","Lingula unguis","Brachiopoda","Bilateria"
"Lungu","NKL","Lungu_A0A1S3GZW7_Homeobox_protein_Nkx_2_5","Lingula unguis","Brachiopoda","Bilateria"
"Lungu","NKL","Lungu_A0A1S3J301_Homeobox_protein_Nkx_2_2","Lingula unguis","Brachiopoda","Bilateria"
"Lungu","NKL","Lungu_A0A1S3J0F6_Homeobox_protein_slou","Lingula unguis","Brachiopoda","Bilateria"
"Lungu","NKL","Lungu_A0A1S3IZY0_Homeobox_protein_slou","Lingula unguis","Brachiopoda","Bilateria"
"Lungu","NKL","Lungu_A0A2R2MMV8_Homeobox_protein_XENK_2","Lingula unguis","Brachiopoda","Bilateria"
"Lungu","NKL","Lungu_A0A1S3K4Q3_Homeobox_protein_unc_4_homolog","Lingula unguis","Brachiopoda","Bilateria"
"Lungu","NKL","Lungu_A0A1S3JT19_Dorsal_root_ganglia_homeobox_protein","Lingula unguis","Brachiopoda","Bilateria"
"Lungu","NKL","Lungu_A0A1S3GZX2_Homeobox_protein_Nkx_3_2","Lingula unguis","Brachiopoda","Bilateria"
"Lungu","NKL","Lungu_A0A1S3JI32_Homeobox_protein_Nkx_6_2","Lingula unguis","Brachiopoda","Bilateria"
"Lungu","NKL","Lungu_A0A1S3JT71_Homeobox_protein_DBX1_A","Lingula unguis","Brachiopoda","Bilateria"
"Lungu","NKL","Lungu_A0A1S3H075_Hematopoietically_expressed_homeobox_protein_hhex","Lingula unguis","Brachiopoda","Bilateria"
"Lungu","HOX","Lungu_A0A1S3K0S3_Homeobox_protein_Hox_A3_isoform_X1","Lingula unguis","Brachiopoda","Bilateria"
"Lungu","HOX","Lungu_A0A1S3I6F6_Homeobox_protein_Hox_A11","Lingula unguis","Brachiopoda","Bilateria"
"Lungu","HOX","Lungu_A0A1S3IUK9_Segmentation_protein_even_skipped_isoform_X1","Lingula unguis","Brachiopoda","Bilateria"
"Lungu","HOX","Lungu_A0A1S3HPN8_Homeobox_protein_CDX_1","Lingula unguis","Brachiopoda","Bilateria"
"Lungu","HOX","Lungu_A0A1S3K9U5_Homeobox_protein_CDX_1_like","Lingula unguis","Brachiopoda","Bilateria"
"Lungu","HOX","Lungu_A0A1S3IYI3_Homeobox_protein_Hox_B7_B_like","Lingula unguis","Brachiopoda","Bilateria"
"Lungu","HOX","Lungu_A0A1S3IML9_Homeobox_protein_Hox_A7_like","Lingula unguis","Brachiopoda","Bilateria"
"Lungu","HOX","Lungu_A0A1S3IWL1_Homeobox_protein_Hox_B7","Lingula unguis","Brachiopoda","Bilateria"
"Lungu","HOX","Lungu_A0A1S3IMP4_Homeobox_protein_Hox_B7_A_like","Lingula unguis","Brachiopoda","Bilateria"
"Lungu","HOX","Lungu_A0A1S3HKW6_Homeobox_protein_Hox_C4a_isoform_X1","Lingula unguis","Brachiopoda","Bilateria"
"Lungu","HOX","Lungu_A0A1S3ILR7_Homeobox_protein_Hox_A5","Lingula unguis","Brachiopoda","Bilateria"
"Lungu","HOX","Lungu_A0A2R2ML34_GS_homeobox_2_like","Lingula unguis","Brachiopoda","Bilateria"
"Lungu","HOX","Lungu_A0A1S3ICZ4_Homeobox_protein_MOX_1","Lingula unguis","Brachiopoda","Bilateria"
"Lungu","HOX","Lungu_A0A1S3IX98_Homeobox_protein_Hox_C11_like","Lingula unguis","Brachiopoda","Bilateria"
"Lungu","HOX","Lungu_A0A1S3JQF9_Pancreas_duodenum_homeobox_protein_1_isoform_X1","Lingula unguis","Brachiopoda","Bilateria"
"Lungu","HOX","Lungu_A0A1S3ILP8_Homeobox_protein_Hox_A1_isoform_X1","Lingula unguis","Brachiopoda","Bilateria"
"Lungu","HOX","Lungu_A0A1S3IMM9_Uncharacterized_protein_LOC106165492_isoform_X1","Lingula unguis","Brachiopoda","Bilateria"
"Lungu","HOX","Lungu_A0A1S3INP6_Homeobox_protein_Hox_A3_isoform_X1","Lingula unguis","Brachiopoda","Bilateria"
"Lungu","HOX","Lungu_A0A1S3HM04_Homeobox_protein_GBX_2_like","Lingula unguis","Brachiopoda","Bilateria"
"Lungu","ZF","Lungu_A0A1S3JL00_Diencephalon_mesencephalon_homeobox_protein_1_A","Lingula unguis","Brachiopoda","Bilateria"
"Lungu","ZF","Lungu_A0A1S3H2I8_Zinc_finger_E_box_binding_homeobox_2_isoform_X1","Lingula unguis","Brachiopoda","Bilateria"
"Lungu","ZF","Lungu_A0A1S3I0Y0_Zinc_finger_homeobox_protein_4_isoform_X1","Lingula unguis","Brachiopoda","Bilateria"
"Lungu","ZF","Lungu_A0A1S3JFK1_Paired_box_protein_Pax_7","Lingula unguis","Brachiopoda","Bilateria"
"Lungu","SINE","Lungu_A0A1S3K7U8_Homeobox_protein_SIX6","Lingula unguis","Brachiopoda","Bilateria"
"Lungu","SINE","Lungu_A0A1S3HBA6_Homeobox_protein_six1","Lingula unguis","Brachiopoda","Bilateria"
"Lungu","SINE","Lungu_A0A1S3JX47_Homeobox_protein_six1a","Lingula unguis","Brachiopoda","Bilateria"
"Lungu","HNF","Lungu_A0A1S3HET3_Hepatocyte_nuclear_factor_1_alpha_isoform_X1","Lingula unguis","Brachiopoda","Bilateria"
"Lungu","HNF","Lungu_A0A1S3KEG4_Homeobox_containing_protein_1","Lingula unguis","Brachiopoda","Bilateria"
"Lungu","CUT","Lungu_A0A1S3JH16_Uncharacterized_protein_LOC106173195_isoform_X2","Lingula unguis","Brachiopoda","Bilateria"
"Lungu","CUT","Lungu_A0A1S3J389_One_cut_domain_family_member","Lingula unguis","Brachiopoda","Bilateria"
"Lungu","CUT","Lungu_A0A1S3K289_Homeobox_protein_cut_like","Lingula unguis","Brachiopoda","Bilateria"
"Dreri","LIM","Dreri_O13106_LIM_class_homeodomain_protein","Danio rerio","Chordata","Bilateria"
"Dreri","LIM","Dreri_Q90476_LIM_homeobox_protein_Lhx1","Danio rerio","Chordata","Bilateria"
"Hsapi","LIM","Hsapi_P48742_LIM_homeobox_protein_Lhx1","Homo sapiens","Chordata","Bilateria"
"Dreri","LIM","Dreri_P52889_LIM_homeobox_protein_Lhx5","Danio rerio","Chordata","Bilateria"
"Hsapi","LIM","Hsapi_Q9H2C1_LIM_homeobox_protein_Lhx5","Homo sapiens","Chordata","Bilateria"
"Dreri","LIM","Dreri_Q90421_LIM_homeobox_protein_Lhx3","Danio rerio","Chordata","Bilateria"
"Hsapi","LIM","Hsapi_Q9UBR4_LIM_homeobox_protein_Lhx3","Homo sapiens","Chordata","Bilateria"
"Dreri","LIM","Dreri_B0S5S7_LIM_homeobox_4","Danio rerio","Chordata","Bilateria"
"Hsapi","LIM","Hsapi_Q969G2_LIM_homeobox_protein_Lhx4","Homo sapiens","Chordata","Bilateria"
"Dreri","LIM","Dreri_F1QFN7_LIM_homeobox_transcription_factor_1_alpha_like","Danio rerio","Chordata","Bilateria"
"Dreri","LIM","Dreri_Q5RI65_LIM_homeobox_transcription_factor_1_alpha","Danio rerio","Chordata","Bilateria"
"Hsapi","LIM","Hsapi_Q8TE12_LIM_homeobox_transcription_factor_1_alpha","Homo sapiens","Chordata","Bilateria"
"Dreri","LIM","Dreri_Q4L1M6_LIM_homeobox_transcription_factor_1_beta_1","Danio rerio","Chordata","Bilateria"
"Hsapi","LIM","Hsapi_O60663_LIM_homeobox_transcription_factor_1_beta","Homo sapiens","Chordata","Bilateria"
"Dreri","LIM","Dreri_Q4L1M5_LIM_homeobox_transcription_factor_1_beta_a","Danio rerio","Chordata","Bilateria"
"Dreri","LIM","Dreri_Q6BDC4_LIM_homeobox_6","Danio rerio","Chordata","Bilateria"
"Hsapi","LIM","Hsapi_Q9UPM6_LIM_homeobox_protein_Lhx6","Homo sapiens","Chordata","Bilateria"
"Dreri","LIM","Dreri_A0A8N7T6W5_LIM_homeobox_protein_Lhx6","Danio rerio","Chordata","Bilateria"
"Dreri","LIM","Dreri_A0A8M3AV27_LIM_homeobox_protein_Lhx8_like","Danio rerio","Chordata","Bilateria"
"Dreri","LIM","Dreri_Q6BDC3_LIM_homeobox_8","Danio rerio","Chordata","Bilateria"
"Hsapi","LIM","Hsapi_Q68G74_LIM_homeobox_protein_Lhx8","Homo sapiens","Chordata","Bilateria"
"Dreri","LIM","Dreri_B0R107_LIM_homeobox_2b","Danio rerio","Chordata","Bilateria"
"Dreri","LIM","Dreri_E9QBI8_LIM_homeobox_2a","Danio rerio","Chordata","Bilateria"
"Hsapi","LIM","Hsapi_P50458_LIM_homeobox_protein_Lhx2","Homo sapiens","Chordata","Bilateria"
"Dreri","LIM","Dreri_Q1LWV4_LIM_homeobox_protein_Lhx9","Danio rerio","Chordata","Bilateria"
"Hsapi","LIM","Hsapi_Q9NQ69_LIM_homeobox_protein_Lhx9","Homo sapiens","Chordata","Bilateria"
"Dreri","LIM","Dreri_Q6TEN0_ISL1_transcription_factor_LIM_homeodomain","Danio rerio","Chordata","Bilateria"
"Dreri","LIM","Dreri_P53405_Insulin_gene_enhancer_protein_isl_1","Danio rerio","Chordata","Bilateria"
"Hsapi","LIM","Hsapi_P61371_Insulin_gene_enhancer_protein_ISL_1","Homo sapiens","Chordata","Bilateria"
"Dreri","LIM","Dreri_P53406_Insulin_gene_enhancer_protein_isl_2a","Danio rerio","Chordata","Bilateria"
"Dreri","LIM","Dreri_P53407_Insulin_gene_enhancer_protein_isl_2b","Danio rerio","Chordata","Bilateria"
"Hsapi","LIM","Hsapi_Q96A47_Insulin_gene_enhancer_protein_ISL_2","Homo sapiens","Chordata","Bilateria"
"Dreri","CERS","Dreri_Q7T3F1_Ceramide_synthase_5","Danio rerio","Chordata","Bilateria"
"Hsapi","CERS","Hsapi_Q8N5B7_Ceramide_synthase_5","Homo sapiens","Chordata","Bilateria"
"Dreri","CERS","Dreri_F1QPF3_Ceramide_synthase_6","Danio rerio","Chordata","Bilateria"
"Hsapi","CERS","Hsapi_Q6ZMG9_Ceramide_synthase_6","Homo sapiens","Chordata","Bilateria"
"Dreri","CERS","Dreri_E7F9X7_Ceramide_synthase_2_like","Danio rerio","Chordata","Bilateria"
"Dreri","CERS","Dreri_Q90YY7_Ceramide_synthase_2a","Danio rerio","Chordata","Bilateria"
"Hsapi","CERS","Hsapi_Q96G23_Ceramide_synthase_2","Homo sapiens","Chordata","Bilateria"
"Dreri","CERS","Dreri_A0A8M2B5Y1_Uncharacterized_protein_LOC100141367_isoform_X1","Danio rerio","Chordata","Bilateria"
"Dreri","CERS","Dreri_A0A140LFW4_Ceramide_synthase_3_isoform_X1","Danio rerio","Chordata","Bilateria"
"Hsapi","CERS","Hsapi_Q8IU89_Ceramide_synthase_3","Homo sapiens","Chordata","Bilateria"
"Dreri","CERS","Dreri_A0A8M2BAR8_Ceramide_synthase_2_like","Danio rerio","Chordata","Bilateria"
"Dreri","CERS","Dreri_Q90YY6_Ceramide_synthase_4","Danio rerio","Chordata","Bilateria"
"Hsapi","CERS","Hsapi_Q9HA82_Ceramide_synthase_4","Homo sapiens","Chordata","Bilateria"
"Dreri","POU","Dreri_A0A8M9PGB2_POU_domain_protein","Danio rerio","Chordata","Bilateria"
"Hsapi","POU","Hsapi_P78424_POU_domain_class_6_transcription_factor_2","Homo sapiens","Chordata","Bilateria"
"Dreri","POU","Dreri_P31367_POU_domain_class_6_transcription_factor_1","Danio rerio","Chordata","Bilateria"
"Hsapi","POU","Hsapi_Q14863_POU_domain_class_6_transcription_factor_1","Homo sapiens","Chordata","Bilateria"
"Dreri","POU","Dreri_Q6TGI4_POU_domain_protein","Danio rerio","Chordata","Bilateria"
"Hsapi","POU","Hsapi_P28069_Pituitary_specific_positive_transcription_factor_1","Homo sapiens","Chordata","Bilateria"
"Dreri","POU","Dreri_Q7SZN6_POU_domain_protein","Danio rerio","Chordata","Bilateria"
"Hsapi","POU","Hsapi_Q01851_POU_domain_class_4_transcription_factor_1","Homo sapiens","Chordata","Bilateria"
"Dreri","POU","Dreri_Q90435_POU_domain_class_4_transcription_factor_3","Danio rerio","Chordata","Bilateria"
"Hsapi","POU","Hsapi_Q15319_POU_domain_class_4_transcription_factor_3","Homo sapiens","Chordata","Bilateria"
"Dreri","POU","Dreri_Q6XZH1_POU_domain_protein","Danio rerio","Chordata","Bilateria"
"Hsapi","POU","Hsapi_Q12837_POU_domain_class_4_transcription_factor_2","Homo sapiens","Chordata","Bilateria"
"Dreri","POU","Dreri_A1A5W2_POU_domain_protein","Danio rerio","Chordata","Bilateria"
"Dreri","POU","Dreri_P56224_POU_domain_class_3_transcription_factor_3_A","Danio rerio","Chordata","Bilateria"
"Dreri","POU","Dreri_P79745_POU_domain_class_3_transcription_factor_3_B","Danio rerio","Chordata","Bilateria"
"Hsapi","POU","Hsapi_P20264_POU_domain_class_3_transcription_factor_3","Homo sapiens","Chordata","Bilateria"
"Dreri","POU","Dreri_Q90482_POU_domain_class_3_transcription_factor_1","Danio rerio","Chordata","Bilateria"
"Hsapi","POU","Hsapi_Q03052_POU_domain_class_3_transcription_factor_1","Homo sapiens","Chordata","Bilateria"
"Hsapi","POU","Hsapi_P49335_POU_domain_class_3_transcription_factor_4","Homo sapiens","Chordata","Bilateria"
"Dreri","POU","Dreri_P79746_POU_domain_class_3_transcription_factor_2","Danio rerio","Chordata","Bilateria"
"Dreri","POU","Dreri_A2VD21_POU_domain_protein","Danio rerio","Chordata","Bilateria"
"Hsapi","POU","Hsapi_P20265_POU_domain_class_3_transcription_factor_2","Homo sapiens","Chordata","Bilateria"
"Dreri","POU","Dreri_Q90270_POU_domain_class_5_transcription_factor_1","Danio rerio","Chordata","Bilateria"
"Dreri","POU","Dreri_A0A8M2B807_POU_domain_protein","Danio rerio","Chordata","Bilateria"
"Hsapi","POU","Hsapi_Q8N7G0_POU_domain_class_5_transcription_factor_2","Homo sapiens","Chordata","Bilateria"
"Hsapi","POU","Hsapi_Q06416_Putative_POU_domain_class_5_transcription_factor_1B","Homo sapiens","Chordata","Bilateria"
"Hsapi","POU","Hsapi_Q01860_POU_domain_class_5_transcription_factor_1","Homo sapiens","Chordata","Bilateria"
"Dreri","POU","Dreri_O42276_POU_domain_protein","Danio rerio","Chordata","Bilateria"
"Dreri","POU","Dreri_A0A8M2BFA0_POU_domain_protein","Danio rerio","Chordata","Bilateria"
"Hsapi","POU","Hsapi_P14859_POU_domain_class_2_transcription_factor_1","Homo sapiens","Chordata","Bilateria"
"Dreri","POU","Dreri_A0A8M3AT79_POU_domain_protein","Danio rerio","Chordata","Bilateria"
"Dreri","POU","Dreri_A0A8M3B3B2_POU_domain_protein","Danio rerio","Chordata","Bilateria"
"Hsapi","POU","Hsapi_P09086_POU_domain_class_2_transcription_factor_2","Homo sapiens","Chordata","Bilateria"
"Dreri","POU","Dreri_A0A8M2BJD9_POU_domain_protein","Danio rerio","Chordata","Bilateria"
"Hsapi","POU","Hsapi_Q9UKI9_POU_domain_class_2_transcription_factor_3","Homo sapiens","Chordata","Bilateria"
"Hsapi","SOX","Hsapi_Q05066_Sex_determining_region_Y_protein","Homo sapiens","Chordata","Bilateria"
"Dreri","SOX","Dreri_Q6EJB7_Transcription_factor_Sox_3","Danio rerio","Chordata","Bilateria"
"Hsapi","SOX","Hsapi_P41225_Transcription_factor_SOX_3","Homo sapiens","Chordata","Bilateria"
"Dreri","SOX","Dreri_Q9DDD7_Transcription_factor_Sox_19b","Danio rerio","Chordata","Bilateria"
"Dreri","SOX","Dreri_P47792_Transcription_factor_Sox_19a","Danio rerio","Chordata","Bilateria"
"Dreri","SOX","Dreri_Q6P0E1_Transcription_factor_Sox_2","Danio rerio","Chordata","Bilateria"
"Hsapi","SOX","Hsapi_P48431_Transcription_factor_SOX_2","Homo sapiens","Chordata","Bilateria"
"Dreri","SOX","Dreri_Q6DGL6_Transcription_factor_Sox_1a","Danio rerio","Chordata","Bilateria"
"Dreri","SOX","Dreri_Q2Z1R2_Transcription_factor_Sox_1b","Danio rerio","Chordata","Bilateria"
"Hsapi","SOX","Hsapi_O00570_Transcription_factor_SOX_1","Homo sapiens","Chordata","Bilateria"
"Dreri","SOX","Dreri_Q6RVD7_Transcription_factor_Sox_21_B","Danio rerio","Chordata","Bilateria"
"Hsapi","SOX","Hsapi_Q9Y651_Transcription_factor_SOX_21","Homo sapiens","Chordata","Bilateria"
"Dreri","SOX","Dreri_Q32PP9_Transcription_factor_Sox_14","Danio rerio","Chordata","Bilateria"
"Hsapi","SOX","Hsapi_O95416_Transcription_factor_SOX_14","Homo sapiens","Chordata","Bilateria"
"Dreri","SOX","Dreri_A0A8M3B7P4_Transcription_factor_Sox_14_like","Danio rerio","Chordata","Bilateria"
"Dreri","SOX","Dreri_Q7SZS1_Transcription_factor_Sox_21_A","Danio rerio","Chordata","Bilateria"
"Hsapi","SOX","Hsapi_O60248_Protein_SOX_15","Homo sapiens","Chordata","Bilateria"
"Dreri","SOX","Dreri_Q7SZW4_Transcription_factor_SOX","Danio rerio","Chordata","Bilateria"
"Hsapi","SOX","Hsapi_Q9UN79_Transcription_factor_SOX_13","Homo sapiens","Chordata","Bilateria"
"Dreri","SOX","Dreri_F8W2H3_SRY_box_containing_protein_6","Danio rerio","Chordata","Bilateria"
"Hsapi","SOX","Hsapi_P35712_Transcription_factor_SOX_6","Homo sapiens","Chordata","Bilateria"
"Dreri","SOX","Dreri_A0A8M9Q0N4_Transcription_factor_SOX_5_isoform_X1","Danio rerio","Chordata","Bilateria"
"Hsapi","SOX","Hsapi_P35711_Transcription_factor_SOX_5","Homo sapiens","Chordata","Bilateria"
"Dreri","SOX","Dreri_Q6TEN5_SRY_box_7","Danio rerio","Chordata","Bilateria"
"Hsapi","SOX","Hsapi_Q9BT81_Transcription_factor_SOX_7","Homo sapiens","Chordata","Bilateria"
"Dreri","SOX","Dreri_Q5PQZ5_SRY_box_17","Danio rerio","Chordata","Bilateria"
"Hsapi","SOX","Hsapi_Q9H6I2_Transcription_factor_SOX_17","Homo sapiens","Chordata","Bilateria"
"Hsapi","SOX","Hsapi_P35713_Transcription_factor_SOX_18","Homo sapiens","Chordata","Bilateria"
"Dreri","SOX","Dreri_E7F9I2_SRY_box_transcription_factor_18","Danio rerio","Chordata","Bilateria"
"Dreri","SOX","Dreri_Q90XD1_HMG_box_transcription_factor_Sox10","Danio rerio","Chordata","Bilateria"
"Hsapi","SOX","Hsapi_P56693_Transcription_factor_SOX_10","Homo sapiens","Chordata","Bilateria"
"Dreri","SOX","Dreri_Q9DFH1_HMG_box_transcription_factor_Sox9b","Danio rerio","Chordata","Bilateria"
"Hsapi","SOX","Hsapi_P48436_Transcription_factor_SOX_9","Homo sapiens","Chordata","Bilateria"
"Dreri","SOX","Dreri_Q9DFH2_HMG_box_transcription_factor_Sox9a","Danio rerio","Chordata","Bilateria"
"Dreri","SOX","Dreri_Q52W08_SRY_box_containing_gene_8","Danio rerio","Chordata","Bilateria"
"Hsapi","SOX","Hsapi_P57073_Transcription_factor_SOX_8","Homo sapiens","Chordata","Bilateria"
"Dreri","SOX","Dreri_A0A0R4ITJ3_SRY_Sex_determining_region_Y_box_8a_isoform_X1","Danio rerio","Chordata","Bilateria"
"Dreri","SOX","Dreri_Q90Z46_Casanova","Danio rerio","Chordata","Bilateria"
"Dreri","SOX","Dreri_Q6P0Z4_Transcription_factor_SOX","Danio rerio","Chordata","Bilateria"
"Dreri","SOX","Dreri_Q9I9C7_Transcription_factor_SOX","Danio rerio","Chordata","Bilateria"
"Dreri","SOX","Dreri_Q9I9C8_Transcription_factor_SOX","Danio rerio","Chordata","Bilateria"
"Hsapi","SOX","Hsapi_P35716_Transcription_factor_SOX_11","Homo sapiens","Chordata","Bilateria"
"Hsapi","SOX","Hsapi_O15370_Transcription_factor_SOX_12","Homo sapiens","Chordata","Bilateria"
"Hsapi","SOX","Hsapi_Q06945_Transcription_factor_SOX_4","Homo sapiens","Chordata","Bilateria"
"Dreri","SOX","Dreri_Q6P2A2_Transcription_factor_SOX","Danio rerio","Chordata","Bilateria"
"Hsapi","SOX","Hsapi_O94993_Transcription_factor_SOX_30","Homo sapiens","Chordata","Bilateria"
"Dreri","NKL","Dreri_Q9DGM9_Homeobox_protein_VENTX","Danio rerio","Chordata","Bilateria"
"Dreri","NKL","Dreri_Q9DG33_Homeobox_protein_VEGA","Danio rerio","Chordata","Bilateria"
"Hsapi","NKL","Hsapi_A8MTQ0_Homeobox_protein_notochord","Homo sapiens","Chordata","Bilateria"
"Hsapi","NKL","Hsapi_O95231_Homeobox_protein_VENTX","Homo sapiens","Chordata","Bilateria"
"Dreri","NKL","Dreri_A0A0G2KXF6_Aristaless_related_homeobox_b","Danio rerio","Chordata","Bilateria"
"Dreri","NKL","Dreri_O42115_Aristaless_related_homeobox_protein","Danio rerio","Chordata","Bilateria"
"Hsapi","NKL","Hsapi_Q96QS3_Homeobox_protein_ARX","Homo sapiens","Chordata","Bilateria"
"Hsapi","NKL","Hsapi_P56915_Homeobox_protein_goosecoid","Homo sapiens","Chordata","Bilateria"
"Dreri","NKL","Dreri_A0A8M2BFC1_Short_stature_homeobox_protein_isoform_X1","Danio rerio","Chordata","Bilateria"
"Hsapi","NKL","Hsapi_O15266_Short_stature_homeobox_protein","Homo sapiens","Chordata","Bilateria"
"Dreri","NKL","Dreri_Q7SZN8_Short_stature_homeobox_2","Danio rerio","Chordata","Bilateria"
"Hsapi","NKL","Hsapi_O60902_Short_stature_homeobox_protein_2","Homo sapiens","Chordata","Bilateria"
"Hsapi","NKL","Hsapi_Q96IS3_Retina_and_anterior_neural_fold_homeobox_protein_2","Homo sapiens","Chordata","Bilateria"
"Dreri","NKL","Dreri_Q801E1_Ventral_anterior_homeobox_2","Danio rerio","Chordata","Bilateria"
"Hsapi","NKL","Hsapi_Q9UIW0_Ventral_anterior_homeobox_2","Homo sapiens","Chordata","Bilateria"
"Dreri","NKL","Dreri_Q801E0_Ventral_anterior_homeobox_1","Danio rerio","Chordata","Bilateria"
"Hsapi","NKL","Hsapi_Q5SQQ9_Ventral_anterior_homeobox_1","Homo sapiens","Chordata","Bilateria"
"Dreri","NKL","Dreri_A0A8N7TAH9_Homeobox_protein_Nkx_3_1","Danio rerio","Chordata","Bilateria"
"Hsapi","NKL","Hsapi_Q99801_Homeobox_protein_Nkx_3_1","Homo sapiens","Chordata","Bilateria"
"Dreri","NKL","Dreri_Q804R0_Transcription_factor_LBX2","Danio rerio","Chordata","Bilateria"
"Hsapi","NKL","Hsapi_Q6XYB7_Transcription_factor_LBX2","Homo sapiens","Chordata","Bilateria"
"Hsapi","NKL","Hsapi_P52954_Transcription_factor_LBX1","Homo sapiens","Chordata","Bilateria"
"Dreri","NKL","Dreri_E7FDX5_Transcription_factor_LBX1b","Danio rerio","Chordata","Bilateria"
"Dreri","NKL","Dreri_Q6ZM39_Ladybird_homeobox_1a","Danio rerio","Chordata","Bilateria"
"Dreri","NKL","Dreri_A5JNG8_Nanog","Danio rerio","Chordata","Bilateria"
"Hsapi","NKL","Hsapi_P0DV77_Tetrapeptide_repeat_homeobox_protein_2","Homo sapiens","Chordata","Bilateria"
"Hsapi","NKL","Hsapi_Q9H9S0_Homeobox_protein_NANOG","Homo sapiens","Chordata","Bilateria"
"Hsapi","NKL","Hsapi_Q8N7R0_Putative_homeobox_protein_NANOG2","Homo sapiens","Chordata","Bilateria"
"Hsapi","NKL","Hsapi_Q6NSW7_Homeobox_protein_NANOGP8","Homo sapiens","Chordata","Bilateria"
"Dreri","NKL","Dreri_Q9IAV3_Hematopoietically_expressed_homeobox_protein_hhex","Danio rerio","Chordata","Bilateria"
"Hsapi","NKL","Hsapi_Q03014_Hematopoietically_expressed_homeobox_protein_HHEX","Homo sapiens","Chordata","Bilateria"
"Dreri","NKL","Dreri_Q8JI11_T_cell_leukemia_homeobox_3b","Danio rerio","Chordata","Bilateria"
"Dreri","NKL","Dreri_A0A0G2KH34_T_cell_leukemia_homeobox_protein_3_like","Danio rerio","Chordata","Bilateria"
"Dreri","NKL","Dreri_Q1LU90_Mesenchyme_homeobox_2b","Danio rerio","Chordata","Bilateria"
"Hsapi","NKL","Hsapi_Q92988_Homeobox_protein_DLX_4","Homo sapiens","Chordata","Bilateria"
"Dreri","NKL","Dreri_Q98878_Homeobox_protein_Dlx4b","Danio rerio","Chordata","Bilateria"
"Dreri","NKL","Dreri_Q98879_Homeobox_protein_Dlx4a","Danio rerio","Chordata","Bilateria"
"Dreri","NKL","Dreri_Q98877_Homeobox_protein_Dlx6a","Danio rerio","Chordata","Bilateria"
"Hsapi","NKL","Hsapi_P56179_Homeobox_protein_DLX_6","Homo sapiens","Chordata","Bilateria"
"Dreri","NKL","Dreri_Q98875_Homeobox_protein_Dlx1a","Danio rerio","Chordata","Bilateria"
"Hsapi","NKL","Hsapi_P56177_Homeobox_protein_DLX_1","Homo sapiens","Chordata","Bilateria"
"Hsapi","NKL","Hsapi_P56178_Homeobox_protein_DLX_5","Homo sapiens","Chordata","Bilateria"
"Dreri","NKL","Dreri_P50576_Homeobox_protein_Dlx5a","Danio rerio","Chordata","Bilateria"
"Dreri","NKL","Dreri_P50574_Homeobox_protein_Dlx2a","Danio rerio","Chordata","Bilateria"
"Hsapi","NKL","Hsapi_Q07687_Homeobox_protein_DLX_2","Homo sapiens","Chordata","Bilateria"
"Dreri","NKL","Dreri_Q98876_Homeobox_protein_Dlx2b","Danio rerio","Chordata","Bilateria"
"Dreri","NKL","Dreri_Q01702_Homeobox_protein_Dlx3b","Danio rerio","Chordata","Bilateria"
"Hsapi","NKL","Hsapi_O60479_Homeobox_protein_DLX_3","Homo sapiens","Chordata","Bilateria"
"Dreri","NKL","Dreri_Q804S6_Homeobox_protein_EMX1","Danio rerio","Chordata","Bilateria"
"Hsapi","NKL","Hsapi_Q04741_Homeobox_protein_EMX1","Homo sapiens","Chordata","Bilateria"
"Dreri","NKL","Dreri_Q568U8_Empty_spiracles_homeobox_2","Danio rerio","Chordata","Bilateria"
"Hsapi","NKL","Hsapi_Q04743_Homeobox_protein_EMX2","Homo sapiens","Chordata","Bilateria"
"Dreri","NKL","Dreri_Q90263_Empty_spiracles_homeobox_3","Danio rerio","Chordata","Bilateria"
"Dreri","NKL","Dreri_Q503F2_Homeobox_protein_BarH_like_1","Danio rerio","Chordata","Bilateria"
"Hsapi","NKL","Hsapi_Q9HBU1_Homeobox_protein_BarH_like_1","Homo sapiens","Chordata","Bilateria"
"Dreri","NKL","Dreri_F6NKZ9_BARX_homeobox_2","Danio rerio","Chordata","Bilateria"
"Hsapi","NKL","Hsapi_Q9UMQ3_Homeobox_protein_BarH_like_2","Homo sapiens","Chordata","Bilateria"
"Dreri","NKL","Dreri_Q98873_Homeodomain_protein_Nkx2_7","Danio rerio","Chordata","Bilateria"
"Dreri","NKL","Dreri_Q98872_Homeobox_protein_Nkx_2_5","Danio rerio","Chordata","Bilateria"
"Hsapi","NKL","Hsapi_P52952_Homeobox_protein_Nkx_2_5","Homo sapiens","Chordata","Bilateria"
"Dreri","NKL","Dreri_Q98871_Homeobox_protein_Nkx_2_3","Danio rerio","Chordata","Bilateria"
"Hsapi","NKL","Hsapi_Q8TAU0_Homeobox_protein_Nkx_2_3","Homo sapiens","Chordata","Bilateria"
"Hsapi","NKL","Hsapi_A6NCS4_Homeobox_protein_Nkx_2_6","Homo sapiens","Chordata","Bilateria"
"Hsapi","NKL","Hsapi_O15522_Homeobox_protein_Nkx_2_8","Homo sapiens","Chordata","Bilateria"
"Dreri","NKL","Dreri_Q75W95_NK1_transcription_factor_related_protein_1","Danio rerio","Chordata","Bilateria"
"Dreri","NKL","Dreri_B8A4P8_NK1_transcription_factor_related_2_like_a","Danio rerio","Chordata","Bilateria"
"Hsapi","NKL","Hsapi_Q9UD57_NK1_transcription_factor_related_protein_2","Homo sapiens","Chordata","Bilateria"
"Hsapi","NKL","Hsapi_Q15270_NK1_transcription_factor_related_protein_1","Homo sapiens","Chordata","Bilateria"
"Dreri","NKL","Dreri_A0A8M6Z5H7_Intestine_specific_homeobox_like","Danio rerio","Chordata","Bilateria"
"Dreri","NKL","Dreri_Q5BJA8_Homeobox_protein_Nkx_2_2","Danio rerio","Chordata","Bilateria"
"Dreri","NKL","Dreri_A0A8M9P8T3_Homeobox_protein_Nkx_2_8","Danio rerio","Chordata","Bilateria"
"Dreri","NKL","Dreri_Q90481_Homeobox_protein_Nkx_2_2a","Danio rerio","Chordata","Bilateria"
"Hsapi","NKL","Hsapi_O95096_Homeobox_protein_Nkx_2_2","Homo sapiens","Chordata","Bilateria"
"Dreri","NKL","Dreri_Q98TX4_Homeobox_protein_Nkx_2_1","Danio rerio","Chordata","Bilateria"
"Hsapi","NKL","Hsapi_P43699_Homeobox_protein_Nkx_2_1","Homo sapiens","Chordata","Bilateria"
"Dreri","NKL","Dreri_A8KB41_Homeobox_protein_Nkx_2_4_isoform_1","Danio rerio","Chordata","Bilateria"
"Dreri","NKL","Dreri_Q9I8L7_Homeobox_protein","Danio rerio","Chordata","Bilateria"
"Hsapi","NKL","Hsapi_Q9H2Z4_Homeobox_protein_Nkx_2_4","Homo sapiens","Chordata","Bilateria"
"Hsapi","NKL","Hsapi_A8MZ59_Paired_like_homeodomain_transcription_factor_LEUTX","Homo sapiens","Chordata","Bilateria"
"Dreri","NKL","Dreri_F1R3M6_NK3_homeobox_3","Danio rerio","Chordata","Bilateria"
"Dreri","NKL","Dreri_Q803Z6_Bagpipe_homeobox_transcription_factor_Bapx1","Danio rerio","Chordata","Bilateria"
"Hsapi","NKL","Hsapi_P78367_Homeobox_protein_Nkx_3_2","Homo sapiens","Chordata","Bilateria"
"Dreri","NKL","Dreri_Q6DGK5_Homeobox_protein_Nkx_6_1","Danio rerio","Chordata","Bilateria"
"Hsapi","NKL","Hsapi_P78426_Homeobox_protein_Nkx_6_1","Homo sapiens","Chordata","Bilateria"
"Dreri","NKL","Dreri_A0A0R4IY89_Homeobox_protein_Nkx_6_2","Danio rerio","Chordata","Bilateria"
"Hsapi","NKL","Hsapi_Q9C056_Homeobox_protein_Nkx_6_2","Homo sapiens","Chordata","Bilateria"
"Dreri","NKL","Dreri_F1RAI4_Homeobox_protein_Nkx_6_3","Danio rerio","Chordata","Bilateria"
"Hsapi","NKL","Hsapi_A6NJ46_Homeobox_protein_Nkx_6_3","Homo sapiens","Chordata","Bilateria"
"Hsapi","NKL","Hsapi_Q6ZNG2_Homeobox_protein_DBX2","Homo sapiens","Chordata","Bilateria"
"Dreri","NKL","Dreri_Q9PTU0_Homeobox_protein_DBX1_B","Danio rerio","Chordata","Bilateria"
"Dreri","NKL","Dreri_Q9PTU1_Homeobox_protein_DBX1_A","Danio rerio","Chordata","Bilateria"
"Hsapi","NKL","Hsapi_A6NMT0_Homeobox_protein_DBX1","Homo sapiens","Chordata","Bilateria"
"Dreri","NKL","Dreri_A0A8M9PP76_Homeobox_protein_DBX2","Danio rerio","Chordata","Bilateria"
"Hsapi","HOX","Hsapi_Q9BQY4_Rhox_homeobox_family_member_2","Homo sapiens","Chordata","Bilateria"
"Hsapi","HOX","Hsapi_P0C7M4_Rhox_homeobox_family_member_2B","Homo sapiens","Chordata","Bilateria"
"Dreri","HOX","Dreri_Q98SH9_Homeobox_protein_Hox_C1a","Danio rerio","Chordata","Bilateria"
"Dreri","HOX","Dreri_F1RCJ6_Motor_neuron_and_pancreas_homeobox_2b","Danio rerio","Chordata","Bilateria"
"Dreri","HOX","Dreri_B3DHA2_Homeo_box_HB9_like_a","Danio rerio","Chordata","Bilateria"
"Dreri","HOX","Dreri_Q6SYZ1_Homeodomain_protein_Hb9","Danio rerio","Chordata","Bilateria"
"Hsapi","HOX","Hsapi_P50219_Motor_neuron_and_pancreas_homeobox_protein_1","Homo sapiens","Chordata","Bilateria"
"Dreri","HOX","Dreri_Q8JI13_Homeobox_protein_Hox11","Danio rerio","Chordata","Bilateria"
"Hsapi","HOX","Hsapi_P31314_T_cell_leukemia_homeobox_protein_1","Homo sapiens","Chordata","Bilateria"
"Dreri","HOX","Dreri_A0A2R8QHC0_T_cell_leukemia_homeobox_2","Danio rerio","Chordata","Bilateria"
"Hsapi","HOX","Hsapi_Q99626_Homeobox_protein_CDX_2","Homo sapiens","Chordata","Bilateria"
"Dreri","HOX","Dreri_Q8AXR4_Caudal_type_homeobox_1a","Danio rerio","Chordata","Bilateria"
"Dreri","HOX","Dreri_A5PLE8_Caudal_type_homeobox_1_b","Danio rerio","Chordata","Bilateria"
"Hsapi","HOX","Hsapi_P47902_Homeobox_protein_CDX_1","Homo sapiens","Chordata","Bilateria"
"Dreri","HOX","Dreri_A8KBT9_Caudal_type_homeo_box_transcription_factor_4","Danio rerio","Chordata","Bilateria"
"Hsapi","HOX","Hsapi_O14627_Homeobox_protein_CDX_4","Homo sapiens","Chordata","Bilateria"
"Dreri","HOX","Dreri_Q9YGT0_Homeobox_protein_Hox_C12b","Danio rerio","Chordata","Bilateria"
"Hsapi","HOX","Hsapi_P31275_Homeobox_protein_Hox_C12","Homo sapiens","Chordata","Bilateria"
"Dreri","HOX","Dreri_Q90471_Homeobox_protein_Hox_D12a","Danio rerio","Chordata","Bilateria"
"Hsapi","HOX","Hsapi_P35452_Homeobox_protein_Hox_D12","Homo sapiens","Chordata","Bilateria"
"Dreri","HOX","Dreri_Q9DDU0_Homeobox_protein_Hox_A11a","Danio rerio","Chordata","Bilateria"
"Hsapi","HOX","Hsapi_P31270_Homeobox_protein_Hox_A11","Homo sapiens","Chordata","Bilateria"
"Dreri","HOX","Dreri_Q9DDU1_Homeobox_protein_Hox_A11b","Danio rerio","Chordata","Bilateria"
"Dreri","HOX","Dreri_Q58EL0_Homeobox_protein_Hox_C11a","Danio rerio","Chordata","Bilateria"
"Dreri","HOX","Dreri_A0A0R4IDM3_Homeobox_C11b","Danio rerio","Chordata","Bilateria"
"Hsapi","HOX","Hsapi_O43248_Homeobox_protein_Hox_C11","Homo sapiens","Chordata","Bilateria"
"Dreri","HOX","Dreri_Q90470_Homeobox_protein_Hox_D11a","Danio rerio","Chordata","Bilateria"
"Hsapi","HOX","Hsapi_P31277_Homeobox_protein_Hox_D11","Homo sapiens","Chordata","Bilateria"
"Dreri","HOX","Dreri_Q90469_Homeobox_protein_Hox_D10a","Danio rerio","Chordata","Bilateria"
"Hsapi","HOX","Hsapi_P28358_Homeobox_protein_Hox_D10","Homo sapiens","Chordata","Bilateria"
"Hsapi","HOX","Hsapi_Q9NYD6_Homeobox_protein_Hox_C10","Homo sapiens","Chordata","Bilateria"
"Dreri","HOX","Dreri_Q8AWY2_Homeobox_protein_Hox_A10b","Danio rerio","Chordata","Bilateria"
"Hsapi","HOX","Hsapi_P31260_Homeobox_protein_Hox_A10","Homo sapiens","Chordata","Bilateria"
"Dreri","HOX","Dreri_F6NI81_Homeobox_C10a","Danio rerio","Chordata","Bilateria"
"Dreri","HOX","Dreri_Q9PWL7_Homeobox_protein_Hox_B10a","Danio rerio","Chordata","Bilateria"
"Dreri","HOX","Dreri_Q9YGT5_Homeobox_protein_Hox_A9b","Danio rerio","Chordata","Bilateria"
"Dreri","HOX","Dreri_Q9PWL6_Homeobox_protein_Hox_A9a","Danio rerio","Chordata","Bilateria"
"Hsapi","HOX","Hsapi_P31269_Homeobox_protein_Hox_A9","Homo sapiens","Chordata","Bilateria"
"Dreri","HOX","Dreri_Q9PWM6_Homeobox_protein_Hox_D9a","Danio rerio","Chordata","Bilateria"
"Dreri","HOX","Dreri_Q9YGS6_Homeobox_protein_Hox_C9a","Danio rerio","Chordata","Bilateria"
"Hsapi","HOX","Hsapi_P31274_Homeobox_protein_Hox_C9","Homo sapiens","Chordata","Bilateria"
"Hsapi","HOX","Hsapi_P28356_Homeobox_protein_Hox_D9","Homo sapiens","Chordata","Bilateria"
"Hsapi","HOX","Hsapi_P17482_Homeobox_protein_Hox_B9","Homo sapiens","Chordata","Bilateria"
"Dreri","HOX","Dreri_Q9PWM2_Homeobox_protein_Hox_B9a","Danio rerio","Chordata","Bilateria"
"Dreri","HOX","Dreri_Q8JH55_Homeobox_protein_Hox_B8b","Danio rerio","Chordata","Bilateria"
"Dreri","HOX","Dreri_Q8AWZ0_Homeobox_protein_Hox_B8a","Danio rerio","Chordata","Bilateria"
"Hsapi","HOX","Hsapi_P17481_Homeobox_protein_Hox_B8","Homo sapiens","Chordata","Bilateria"
"Hsapi","HOX","Hsapi_P13378_Homeobox_protein_Hox_D8","Homo sapiens","Chordata","Bilateria"
"Dreri","HOX","Dreri_Q68EH7_Homeobox_protein_Hox_C8a","Danio rerio","Chordata","Bilateria"
"Hsapi","HOX","Hsapi_P31273_Homeobox_protein_Hox_C8","Homo sapiens","Chordata","Bilateria"
"Dreri","HOX","Dreri_P09074_Homeobox_protein_Hox_C5a","Danio rerio","Chordata","Bilateria"
"Hsapi","HOX","Hsapi_Q00444_Homeobox_protein_Hox_C5","Homo sapiens","Chordata","Bilateria"
"Dreri","HOX","Dreri_Q9YGT6_Homeobox_protein_Hox_A5a","Danio rerio","Chordata","Bilateria"
"Hsapi","HOX","Hsapi_P20719_Homeobox_protein_Hox_A5","Homo sapiens","Chordata","Bilateria"
"Dreri","HOX","Dreri_P09014_Homeobox_protein_Hox_B5a","Danio rerio","Chordata","Bilateria"
"Dreri","HOX","Dreri_P09013_Homeobox_protein_Hox_B5b","Danio rerio","Chordata","Bilateria"
"Hsapi","HOX","Hsapi_P09067_Homeobox_protein_Hox_B5","Homo sapiens","Chordata","Bilateria"
"Dreri","HOX","Dreri_P15862_Homeobox_protein_Hox_C6a","Danio rerio","Chordata","Bilateria"
"Hsapi","HOX","Hsapi_P09630_Homeobox_protein_Hox_C6","Homo sapiens","Chordata","Bilateria"
"Dreri","HOX","Dreri_Q9PWM5_Homeobox_protein_Hox_C6b","Danio rerio","Chordata","Bilateria"
"Dreri","HOX","Dreri_P15861_Homeobox_protein_Hox_B6a","Danio rerio","Chordata","Bilateria"
"Hsapi","HOX","Hsapi_P17509_Homeobox_protein_Hox_B6","Homo sapiens","Chordata","Bilateria"
"Dreri","HOX","Dreri_Q9YGT4_Homeobox_protein_Hox_B6b","Danio rerio","Chordata","Bilateria"
"Hsapi","HOX","Hsapi_P31267_Homeobox_protein_Hox_A6","Homo sapiens","Chordata","Bilateria"
"Dreri","HOX","Dreri_Q8AWY9_Homeobox_protein_Hox_B7a","Danio rerio","Chordata","Bilateria"
"Hsapi","HOX","Hsapi_P09629_Homeobox_protein_Hox_B7","Homo sapiens","Chordata","Bilateria"
"Hsapi","HOX","Hsapi_P31268_Homeobox_protein_Hox_A7","Homo sapiens","Chordata","Bilateria"
"Dreri","HOX","Dreri_O57374_Homeobox_protein_Hox_D4a","Danio rerio","Chordata","Bilateria"
"Hsapi","HOX","Hsapi_P09016_Homeobox_protein_Hox_D4","Homo sapiens","Chordata","Bilateria"
"Dreri","HOX","Dreri_Q9PWM3_Homeobox_protein_Hox_C4a","Danio rerio","Chordata","Bilateria"
"Hsapi","HOX","Hsapi_P09017_Homeobox_protein_Hox_C4","Homo sapiens","Chordata","Bilateria"
"Dreri","HOX","Dreri_Q9PWL5_Homeobox_protein_Hox_A4a","Danio rerio","Chordata","Bilateria"
"Hsapi","HOX","Hsapi_Q00056_Homeobox_protein_Hox_A4","Homo sapiens","Chordata","Bilateria"
"Dreri","HOX","Dreri_P22574_Homeobox_protein_Hox_B4a","Danio rerio","Chordata","Bilateria"
"Hsapi","HOX","Hsapi_P17483_Homeobox_protein_Hox_B4","Homo sapiens","Chordata","Bilateria"
"Dreri","HOX","Dreri_F1Q4R9_Homeobox_protein_MOX_1","Danio rerio","Chordata","Bilateria"
"Hsapi","HOX","Hsapi_P50221_Homeobox_protein_MOX_1","Homo sapiens","Chordata","Bilateria"
"Dreri","HOX","Dreri_Q90423_Homeobox_protein_Hox_B1b","Danio rerio","Chordata","Bilateria"
"Dreri","HOX","Dreri_O42366_Homeobox_protein_Hox_B1a","Danio rerio","Chordata","Bilateria"
"Hsapi","HOX","Hsapi_P14653_Homeobox_protein_Hox_B1","Homo sapiens","Chordata","Bilateria"
"Dreri","HOX","Dreri_Q98SI1_Homeobox_protein_Hox_A1a","Danio rerio","Chordata","Bilateria"
"Hsapi","HOX","Hsapi_P49639_Homeobox_protein_Hox_A1","Homo sapiens","Chordata","Bilateria"
"Hsapi","HOX","Hsapi_Q9GZZ0_Homeobox_protein_Hox_D1","Homo sapiens","Chordata","Bilateria"
"Dreri","HOX","Dreri_Q6W990_Homeobox_protein_Hox_A13a","Danio rerio","Chordata","Bilateria"
"Dreri","HOX","Dreri_P79724_Homeobox_protein_Hox_A13b","Danio rerio","Chordata","Bilateria"
"Hsapi","HOX","Hsapi_Q92826_Homeobox_protein_Hox_B13","Homo sapiens","Chordata","Bilateria"
"Hsapi","HOX","Hsapi_P31271_Homeobox_protein_Hox_A13","Homo sapiens","Chordata","Bilateria"
"Dreri","HOX","Dreri_Q1ECY2_Homeobox_protein_Hox_B13a","Danio rerio","Chordata","Bilateria"
"Dreri","HOX","Dreri_Q90472_Homeobox_protein_Hox_D13a","Danio rerio","Chordata","Bilateria"
"Hsapi","HOX","Hsapi_P35453_Homeobox_protein_Hox_D13","Homo sapiens","Chordata","Bilateria"
"Hsapi","HOX","Hsapi_P31276_Homeobox_protein_Hox_C13","Homo sapiens","Chordata","Bilateria"
"Dreri","HOX","Dreri_Q6JIY4_Homeobox_protein_Hox_C13b","Danio rerio","Chordata","Bilateria"
"Dreri","HOX","Dreri_Q6JIY5_Homeobox_protein_Hox_C13a","Danio rerio","Chordata","Bilateria"
"Dreri","HOX","Dreri_Q6DC85_Pancreas_duodenum_homeobox_protein_1","Danio rerio","Chordata","Bilateria"
"Hsapi","HOX","Hsapi_P52945_Pancreas_duodenum_homeobox_protein_1","Homo sapiens","Chordata","Bilateria"
"Dreri","HOX","Dreri_P28174_Homeobox_protein_Hox_C3a","Danio rerio","Chordata","Bilateria"
"Dreri","HOX","Dreri_O42367_Homeobox_protein_Hox_B2a","Danio rerio","Chordata","Bilateria"
"Hsapi","HOX","Hsapi_P14652_Homeobox_protein_Hox_B2","Homo sapiens","Chordata","Bilateria"
"Dreri","HOX","Dreri_O42365_Homeobox_protein_Hox_A2b","Danio rerio","Chordata","Bilateria"
"Hsapi","HOX","Hsapi_O43364_Homeobox_protein_Hox_A2","Homo sapiens","Chordata","Bilateria"
"Hsapi","HOX","Hsapi_O43365_Homeobox_protein_Hox_A3","Homo sapiens","Chordata","Bilateria"
"Dreri","HOX","Dreri_O42370_Homeobox_protein_Hox_D3a","Danio rerio","Chordata","Bilateria"
"Hsapi","HOX","Hsapi_P31249_Homeobox_protein_Hox_D3","Homo sapiens","Chordata","Bilateria"
"Dreri","HOX","Dreri_O42368_Homeobox_protein_Hox_B3a","Danio rerio","Chordata","Bilateria"
"Hsapi","HOX","Hsapi_P14651_Homeobox_protein_Hox_B3","Homo sapiens","Chordata","Bilateria"
"Dreri","HOX","Dreri_Q8AWZ2_Homeobox_protein_Hox_A3a","Danio rerio","Chordata","Bilateria"
"Hsapi","HOX","Hsapi_Q14549_Homeobox_protein_GBX_1","Homo sapiens","Chordata","Bilateria"
"Dreri","HOX","Dreri_Q8QGU1_Gastrulation_brain_homeo_box_2","Danio rerio","Chordata","Bilateria"
"Hsapi","HOX","Hsapi_P52951_Homeobox_protein_GBX_2","Homo sapiens","Chordata","Bilateria"
"Hsapi","HOX","Hsapi_Q8NHV9_Rhox_homeobox_family_member_1","Homo sapiens","Chordata","Bilateria"
"Dreri","ZF","Dreri_A5D8R5_Zhx2_protein","Danio rerio","Chordata","Bilateria"
"Hsapi","ZF","Hsapi_Q9Y6X8_Zinc_fingers_and_homeoboxes_protein_2","Homo sapiens","Chordata","Bilateria"
"Hsapi","ZF","Hsapi_Q9UKY1_Zinc_fingers_and_homeoboxes_protein_1","Homo sapiens","Chordata","Bilateria"
"Dreri","ZF","Dreri_B3DJM1_Homeobox_and_leucine_zipper_encoding_b","Danio rerio","Chordata","Bilateria"
"Dreri","ZF","Dreri_Q1ED06_Homeobox_and_leucine_zipper_protein_Homez","Danio rerio","Chordata","Bilateria"
"Hsapi","ZF","Hsapi_Q8IX15_Homeobox_and_leucine_zipper_protein_Homez","Homo sapiens","Chordata","Bilateria"
"Dreri","ZF","Dreri_A0A0R4IDX7_Teashirt_homolog_3_isoform_X1","Danio rerio","Chordata","Bilateria"
"Hsapi","ZF","Hsapi_Q63HK5_Teashirt_homolog_3","Homo sapiens","Chordata","Bilateria"
"Hsapi","ZF","Hsapi_A6NJG6_Arginine_fifty_homeobox","Homo sapiens","Chordata","Bilateria"
"Dreri","ZF","Dreri_A0A8M2BH92_Zinc_fingers_and_homeoboxes_protein_2_like","Danio rerio","Chordata","Bilateria"
"Dreri","ZF","Dreri_A0A8M1RM49_Si_ch211_232b12_5","Danio rerio","Chordata","Bilateria"
"Dreri","ZF","Dreri_B0LVF0_SIP1b","Danio rerio","Chordata","Bilateria"
"Hsapi","ZF","Hsapi_O60315_Zinc_finger_E_box_binding_homeobox_2","Homo sapiens","Chordata","Bilateria"
"Dreri","ZF","Dreri_F1QY45_Zinc_finger_E_box_binding_homeobox_2_isoform_X2","Danio rerio","Chordata","Bilateria"
"Dreri","ZF","Dreri_Q9DEH7_Kheper","Danio rerio","Chordata","Bilateria"
"Dreri","ZF","Dreri_F1QMZ5_Zinc_finger_E_box_binding_homeobox_1_isoform_X1","Danio rerio","Chordata","Bilateria"
"Hsapi","ZF","Hsapi_P37275_Zinc_finger_E_box_binding_homeobox_1","Homo sapiens","Chordata","Bilateria"
"Dreri","ZF","Dreri_A0A8M1PYY4_Zinc_finger_homeobox_protein_4_isoform_X1","Danio rerio","Chordata","Bilateria"
"Dreri","ZF","Dreri_F1R6B2_Even_skipped_like1","Danio rerio","Chordata","Bilateria"
"Dreri","ZF","Dreri_F1R0G0_Zinc_fingers_and_homeoboxes_3","Danio rerio","Chordata","Bilateria"
"Hsapi","ZF","Hsapi_Q9H4I2_Zinc_fingers_and_homeoboxes_protein_3","Homo sapiens","Chordata","Bilateria"
"Dreri","ZF","Dreri_A4QP16_Activity_dependent_neuroprotective_protein_2a","Danio rerio","Chordata","Bilateria"
"Dreri","ZF","Dreri_A0A8M9QI68_Zinc_finger_homeobox_3","Danio rerio","Chordata","Bilateria"
"Hsapi","ZF","Hsapi_Q15911_Zinc_finger_homeobox_protein_3","Homo sapiens","Chordata","Bilateria"
"Dreri","ZF","Dreri_F1Q7K3_Si_ch73_386h18_1","Danio rerio","Chordata","Bilateria"
"Dreri","ZF","Dreri_F6NXU9_Zinc_finger_homeobox_4","Danio rerio","Chordata","Bilateria"
"Hsapi","ZF","Hsapi_Q86UP3_Zinc_finger_homeobox_protein_4","Homo sapiens","Chordata","Bilateria"
"Hsapi","ZF","Hsapi_Q9C0A1_Zinc_finger_homeobox_protein_2","Homo sapiens","Chordata","Bilateria"
"Dreri","ZF","Dreri_A0JMC9_ADNP_homeobox_2b","Danio rerio","Chordata","Bilateria"
"Hsapi","ZF","Hsapi_Q6IQ32_Activity_dependent_neuroprotector_homeobox_protein_2","Homo sapiens","Chordata","Bilateria"
"Hsapi","SINE","Hsapi_E9PGG2_Anomalous_homeobox_protein","Homo sapiens","Chordata","Bilateria"
"Dreri","SINE","Dreri_O93282_Homeobox_protein_Six7","Danio rerio","Chordata","Bilateria"
"Dreri","SINE","Dreri_Q5TYZ2_SIX_homeobox_6b","Danio rerio","Chordata","Bilateria"
"Dreri","SINE","Dreri_Q7T3G8_Homeobox_protein_SIX6","Danio rerio","Chordata","Bilateria"
"Hsapi","SINE","Hsapi_O95475_Homeobox_protein_SIX6","Homo sapiens","Chordata","Bilateria"
"Dreri","SINE","Dreri_O73708_Homeobox_protein_SIX3","Danio rerio","Chordata","Bilateria"
"Dreri","SINE","Dreri_O73709_Homeobox_protein_Six6","Danio rerio","Chordata","Bilateria"
"Hsapi","SINE","Hsapi_O95343_Homeobox_protein_SIX3","Homo sapiens","Chordata","Bilateria"
"Dreri","SINE","Dreri_Q9DEC0_Homeobox_protein_SIX5","Danio rerio","Chordata","Bilateria"
"Hsapi","SINE","Hsapi_Q8N196_Homeobox_protein_SIX5","Homo sapiens","Chordata","Bilateria"
"Dreri","SINE","Dreri_Q9DEE7_Homeobox_protein_six4_1","Danio rerio","Chordata","Bilateria"
"Dreri","SINE","Dreri_A4IG26_Homeobox_protein_SIX4","Danio rerio","Chordata","Bilateria"
"Hsapi","SINE","Hsapi_Q9UIU6_Homeobox_protein_SIX4","Homo sapiens","Chordata","Bilateria"
"Dreri","SINE","Dreri_B3DI74_SIX_homeobox_9","Danio rerio","Chordata","Bilateria"
"Dreri","SINE","Dreri_B3DIJ7_SIX_homeobox_2b","Danio rerio","Chordata","Bilateria"
"Dreri","SINE","Dreri_Q98TH1_Homeobox_protein_SIX2","Danio rerio","Chordata","Bilateria"
"Hsapi","SINE","Hsapi_Q9NPC8_Homeobox_protein_SIX2","Homo sapiens","Chordata","Bilateria"
"Dreri","SINE","Dreri_Q6NZ04_Homeobox_protein_six1b","Danio rerio","Chordata","Bilateria"
"Hsapi","SINE","Hsapi_Q15475_Homeobox_protein_SIX1","Homo sapiens","Chordata","Bilateria"
"Dreri","SINE","Dreri_Q6DHF9_Homeobox_protein_six1a","Danio rerio","Chordata","Bilateria"
"Dreri","HNF","Dreri_A1L1N5_Hepatocyte_nuclear_factor_1_beta_A","Danio rerio","Chordata","Bilateria"
"Hsapi","HNF","Hsapi_P35680_Hepatocyte_nuclear_factor_1_beta","Homo sapiens","Chordata","Bilateria"
"Dreri","HNF","Dreri_Q8UW00_Hepatocyte_nuclear_factor_1_beta_B","Danio rerio","Chordata","Bilateria"
"Dreri","HNF","Dreri_Q8UVH4_HNF1_homeobox_a","Danio rerio","Chordata","Bilateria"
"Hsapi","HNF","Hsapi_P20823_Hepatocyte_nuclear_factor_1_alpha","Homo sapiens","Chordata","Bilateria"
"Dreri","HNF","Dreri_F1RAA7_Uncharacterized_protein_LOC436941_isoform_X1","Danio rerio","Chordata","Bilateria"
"Dreri","HNF","Dreri_A0A8M2BH68_Homeobox_containing_protein_1_isoform_X5","Danio rerio","Chordata","Bilateria"
"Hsapi","HNF","Hsapi_Q6NT76_Homeobox_containing_protein_1","Homo sapiens","Chordata","Bilateria"
"Dreri","HNF","Dreri_A0A8M2BL53_Homeobox_containing_protein_1_isoform_X1","Danio rerio","Chordata","Bilateria"
"Dreri","CUT","Dreri_A0A8M2B5C5_DNA_binding_protein_SATB1_like_isoform_X1","Danio rerio","Chordata","Bilateria"
"Hsapi","CUT","Hsapi_Q01826_DNA_binding_protein_SATB1","Homo sapiens","Chordata","Bilateria"
"Dreri","CUT","Dreri_A0A8M2BFS5_DNA_binding_protein_SATB","Danio rerio","Chordata","Bilateria"
"Hsapi","CUT","Hsapi_Q9UPW6_DNA_binding_protein_SATB2","Homo sapiens","Chordata","Bilateria"
"Dreri","CUT","Dreri_A0A8N7T7L6_One_cut_domain_family_member","Danio rerio","Chordata","Bilateria"
"Dreri","CUT","Dreri_A0A8M6Z2N4_One_cut_domain_family_member","Danio rerio","Chordata","Bilateria"
"Hsapi","CUT","Hsapi_O60422_One_cut_domain_family_member_3","Homo sapiens","Chordata","Bilateria"
"Dreri","CUT","Dreri_A2BF65_One_cut_domain_family_member","Danio rerio","Chordata","Bilateria"
"Dreri","CUT","Dreri_A0A8M1QUT6_One_cut_domain_family_member","Danio rerio","Chordata","Bilateria"
"Hsapi","CUT","Hsapi_O95948_One_cut_domain_family_member_2","Homo sapiens","Chordata","Bilateria"
"Dreri","CUT","Dreri_Q6PHC9_One_cut_domain_family_member","Danio rerio","Chordata","Bilateria"
"Hsapi","CUT","Hsapi_Q9UBC0_Hepatocyte_nuclear_factor_6","Homo sapiens","Chordata","Bilateria"
"Dreri","CUT","Dreri_A0A8M3B1R7_Homeobox_protein_cut_like","Danio rerio","Chordata","Bilateria"
"Hsapi","CUT","Hsapi_O14529_Homeobox_protein_cut_like_2","Homo sapiens","Chordata","Bilateria"
"Dreri","CUT","Dreri_E7F4J9_Homeobox_protein_cut_like","Danio rerio","Chordata","Bilateria"
"Hsapi","CUT","Hsapi_P39880_Homeobox_protein_cut_like_1","Homo sapiens","Chordata","Bilateria"
"Dreri","CUT","Dreri_A0A8M9Q9Z2_DNA_binding_protein_SATB","Danio rerio","Chordata","Bilateria"
"Cgiga","LIM","Cgiga_LIM_homeobox_protein_Lhx3_like","Crassostrea gigas","Mollusca","Bilateria"
"Cgiga","LIM","Cgiga_LIM_homeobox_protein_Lhx5","Crassostrea gigas","Mollusca","Bilateria"
"Cgiga","LIM","Cgiga_LIM_homeobox_protein_Lhx3","Crassostrea gigas","Mollusca","Bilateria"
"Cgiga","LIM","Cgiga_LIM_homeobox_protein_LMX_1_2_isoform_X1","Crassostrea gigas","Mollusca","Bilateria"
"Cgiga","LIM","Cgiga_LIM_homeobox_transcription_factor_1_beta_1","Crassostrea gigas","Mollusca","Bilateria"
"Cgiga","LIM","Cgiga_LIM_homeobox_protein_Awh","Crassostrea gigas","Mollusca","Bilateria"
"Cgiga","LIM","Cgiga_LIM_homeobox_protein_Awh_2","Crassostrea gigas","Mollusca","Bilateria"
"Cgiga","LIM","Cgiga_LIM_homeobox_protein_Lhx9","Crassostrea gigas","Mollusca","Bilateria"
"Cgiga","LIM","Cgiga_insulin_gene_enhancer_protein_ISL_1_like_isoform_X1","Crassostrea gigas","Mollusca","Bilateria"
"Cgiga","CERS","Cgiga_ceramide_synthase_2","Crassostrea gigas","Mollusca","Bilateria"
"Cgiga","CERS","Cgiga_ceramide_synthase_5_like_isoform_X3","Crassostrea gigas","Mollusca","Bilateria"
"Cgiga","CERS","Cgiga_ceramide_synthase_6_isoform_X1","Crassostrea gigas","Mollusca","Bilateria"
"Cgiga","CERS","Cgiga_ceramide_synthase_6_like_isoform_X1","Crassostrea gigas","Mollusca","Bilateria"
"Cgiga","POU","Cgiga_POU_domain_class_4_transcription_factor_3_isoform_X1","Crassostrea gigas","Mollusca","Bilateria"
"Cgiga","POU","Cgiga_POU_domain_class_3_transcription_factor_4_like","Crassostrea gigas","Mollusca","Bilateria"
"Cgiga","POU","Cgiga_LOW_QUALITY_PROTEIN_POU_domain_class_2_transcription_factor_1","Crassostrea gigas","Mollusca","Bilateria"
"Cgiga","SOX","Cgiga_transcription_factor_SOX_5_isoform_X1","Crassostrea gigas","Mollusca","Bilateria"
"Cgiga","SOX","Cgiga_transcription_factor_Sox_2","Crassostrea gigas","Mollusca","Bilateria"
"Cgiga","SOX","Cgiga_transcription_factor_SOX_14","Crassostrea gigas","Mollusca","Bilateria"
"Cgiga","SOX","Cgiga_transcription_factor_SOX_11","Crassostrea gigas","Mollusca","Bilateria"
"Cgiga","SOX","Cgiga_transcription_factor_Sox_8_like","Crassostrea gigas","Mollusca","Bilateria"
"Cgiga","SOX","Cgiga_transcription_factor_Sox_21_A","Crassostrea gigas","Mollusca","Bilateria"
"Cgiga","SOX","Cgiga_uncharacterized_protein_LOC105327228","Crassostrea gigas","Mollusca","Bilateria"
"Cgiga","NKL","Cgiga_short_stature_homeobox_protein_2","Crassostrea gigas","Mollusca","Bilateria"
"Cgiga","NKL","Cgiga_retina_and_anterior_neural_fold_homeobox_protein_2_like_isoform_X1","Crassostrea gigas","Mollusca","Bilateria"
"Cgiga","NKL","Cgiga_homeobox_protein_EMX1_isoform_X1","Crassostrea gigas","Mollusca","Bilateria"
"Cgiga","NKL","Cgiga_uncharacterized_protein_LOC105334001_isoform_X2","Crassostrea gigas","Mollusca","Bilateria"
"Cgiga","NKL","Cgiga_transcription_factor_LBX1","Crassostrea gigas","Mollusca","Bilateria"
"Cgiga","NKL","Cgiga_ventral_anterior_homeobox_2b_like","Crassostrea gigas","Mollusca","Bilateria"
"Cgiga","NKL","Cgiga_hematopoietically_expressed_homeobox_protein_HHEX_homolog","Crassostrea gigas","Mollusca","Bilateria"
"Cgiga","NKL","Cgiga_homeobox_protein_Dlx6a","Crassostrea gigas","Mollusca","Bilateria"
"Cgiga","NKL","Cgiga_homeobox_protein_EMX2","Crassostrea gigas","Mollusca","Bilateria"
"Cgiga","NKL","Cgiga_homeobox_protein_Nkx_2_5","Crassostrea gigas","Mollusca","Bilateria"
"Cgiga","NKL","Cgiga_homeobox_protein_Nkx_2_2a","Crassostrea gigas","Mollusca","Bilateria"
"Cgiga","NKL","Cgiga_homeobox_protein_slou","Crassostrea gigas","Mollusca","Bilateria"
"Cgiga","NKL","Cgiga_homeobox_protein_Nkx_2_1","Crassostrea gigas","Mollusca","Bilateria"
"Cgiga","NKL","Cgiga_homeobox_protein_unc_4_homolog","Crassostrea gigas","Mollusca","Bilateria"
"Cgiga","NKL","Cgiga_dorsal_root_ganglia_homeobox_protein","Crassostrea gigas","Mollusca","Bilateria"
"Cgiga","NKL","Cgiga_homeobox_protein_Nkx_3_2","Crassostrea gigas","Mollusca","Bilateria"
"Cgiga","NKL","Cgiga_homeobox_protein_Nkx_6_2","Crassostrea gigas","Mollusca","Bilateria"
"Cgiga","NKL","Cgiga_LOW_QUALITY_PROTEIN_homeobox_protein_DBX1_B","Crassostrea gigas","Mollusca","Bilateria"
"Cgiga","HOX","Cgiga_zinc_finger_homeobox_protein_3","Crassostrea gigas","Mollusca","Bilateria"
"Cgiga","HOX","Cgiga_H2_0_like_homeobox_protein_isoform_X1","Crassostrea gigas","Mollusca","Bilateria"
"Cgiga","HOX","Cgiga_motor_neuron_and_pancreas_homeobox_protein_1","Crassostrea gigas","Mollusca","Bilateria"
"Cgiga","HOX","Cgiga_homeobox_protein_HMX1","Crassostrea gigas","Mollusca","Bilateria"
"Cgiga","HOX","Cgiga_homeobox_protein_vab_7","Crassostrea gigas","Mollusca","Bilateria"
"Cgiga","HOX","Cgiga_homeobox_protein_XHOX_3","Crassostrea gigas","Mollusca","Bilateria"
"Cgiga","HOX","Cgiga_homeobox_protein_CDX_1","Crassostrea gigas","Mollusca","Bilateria"
"Cgiga","HOX","Cgiga_homeobox_protein_abdominal_B","Crassostrea gigas","Mollusca","Bilateria"
"Cgiga","HOX","Cgiga_homeobox_protein_Hox_B7","Crassostrea gigas","Mollusca","Bilateria"
"Cgiga","HOX","Cgiga_homeobox_protein_Hox_B6a","Crassostrea gigas","Mollusca","Bilateria"
"Cgiga","HOX","Cgiga_homeobox_protein_Hox_A7","Crassostrea gigas","Mollusca","Bilateria"
"Cgiga","HOX","Cgiga_homeobox_protein_Hox_C5a","Crassostrea gigas","Mollusca","Bilateria"
"Cgiga","HOX","Cgiga_homeobox_protein_Hox_A5","Crassostrea gigas","Mollusca","Bilateria"
"Cgiga","HOX","Cgiga_homeobox_protein_MOX_1","Crassostrea gigas","Mollusca","Bilateria"
"Cgiga","HOX","Cgiga_homeobox_protein_Hox_A9a_isoform_X3","Crassostrea gigas","Mollusca","Bilateria"
"Cgiga","HOX","Cgiga_homeobox_protein_Hox_A9_isoform_X1","Crassostrea gigas","Mollusca","Bilateria"
"Cgiga","HOX","Cgiga_pancreas_duodenum_homeobox_protein_1_like","Crassostrea gigas","Mollusca","Bilateria"
"Cgiga","HOX","Cgiga_homeobox_protein_Hox_A1","Crassostrea gigas","Mollusca","Bilateria"
"Cgiga","HOX","Cgiga_uncharacterized_protein_LOC105326436","Crassostrea gigas","Mollusca","Bilateria"
"Cgiga","HOX","Cgiga_homeobox_protein_Hox_D3","Crassostrea gigas","Mollusca","Bilateria"
"Cgiga","HOX","Cgiga_homeobox_protein_GBX_2","Crassostrea gigas","Mollusca","Bilateria"
"Cgiga","ZF","Cgiga_homeobox_protein_ARX_like","Crassostrea gigas","Mollusca","Bilateria"
"Cgiga","ZF","Cgiga_LOW_QUALITY_PROTEIN_zinc_finger_protein_1_like","Crassostrea gigas","Mollusca","Bilateria"
"Cgiga","ZF","Cgiga_zinc_finger_homeobox_protein_4","Crassostrea gigas","Mollusca","Bilateria"
"Cgiga","SINE","Cgiga_homeobox_protein_ceh_34_isoform_X1","Crassostrea gigas","Mollusca","Bilateria"
"Cgiga","SINE","Cgiga_homeobox_protein_SIX6","Crassostrea gigas","Mollusca","Bilateria"
"Cgiga","SINE","Cgiga_homeobox_protein_SIX4","Crassostrea gigas","Mollusca","Bilateria"
"Cgiga","SINE","Cgiga_homeobox_protein_six1_isoform_X1","Crassostrea gigas","Mollusca","Bilateria"
"Cgiga","CUT","Cgiga_homeobox_protein_onecut_isoform_X1","Crassostrea gigas","Mollusca","Bilateria"
"Cgiga","CUT","Cgiga_one_cut_domain_family_member_2_isoform_X3","Crassostrea gigas","Mollusca","Bilateria"
"Cgiga","CUT","Cgiga_uncharacterized_protein_LOC105334001_isoform_X1","Crassostrea gigas","Mollusca","Bilateria"
"Cgiga","CUT","Cgiga_homeobox_protein_cut_like_1_isoform_X1","Crassostrea gigas","Mollusca","Bilateria"
"Celeg","LIM","Celeg_P09088_Mechanosensory_protein_3","Caenorhabditis elegans","Nematoda","Bilateria"
"Celeg","LIM","Celeg_P20154_Protein_lin_11","Caenorhabditis elegans","Nematoda","Bilateria"
"Celeg","LIM","Celeg_P20271_LIM_homeobox_protein_ceh_14","Caenorhabditis elegans","Nematoda","Bilateria"
"Celeg","LIM","Celeg_Q21192_LIM_homeobox_protein_lim_6","Caenorhabditis elegans","Nematoda","Bilateria"
"Celeg","LIM","Celeg_G5EEA1_LIM_homeobox_protein_lim_4","Caenorhabditis elegans","Nematoda","Bilateria"
"Celeg","LIM","Celeg_G5EE86_LIM_homeobox_protein_ttx_3","Caenorhabditis elegans","Nematoda","Bilateria"
"Celeg","LIM","Celeg_G5EC36_LIM_homeobox_protein_lim_7","Caenorhabditis elegans","Nematoda","Bilateria"
"Celeg","POU","Celeg_P13528_Transcription_factor_unc_86","Caenorhabditis elegans","Nematoda","Bilateria"
"Celeg","POU","Celeg_P20268_Homeobox_protein_ceh_6","Caenorhabditis elegans","Nematoda","Bilateria"
"Celeg","POU","Celeg_P41934_Homeobox_protein_ceh_18","Caenorhabditis elegans","Nematoda","Bilateria"
"Celeg","SOX","Celeg_Q23045_Transcription_factor_egl_13","Caenorhabditis elegans","Nematoda","Bilateria"
"Celeg","SOX","Celeg_Q20201_Transcription_factor_sox_3","Caenorhabditis elegans","Nematoda","Bilateria"
"Celeg","SOX","Celeg_Q21305_Transcription_factor_sox_2","Caenorhabditis elegans","Nematoda","Bilateria"
"Celeg","SOX","Celeg_A0A1N7SZG1_HMG_box_domain_containing_protein","Caenorhabditis elegans","Nematoda","Bilateria"
"Celeg","SOX","Celeg_Q8T3B9_Transcription_factor_sem_2","Caenorhabditis elegans","Nematoda","Bilateria"
"Celeg","NKL","Celeg_P34766_Homeobox_protein_pal_1","Caenorhabditis elegans","Nematoda","Bilateria"
"Celeg","NKL","Celeg_Q18273_Homeobox_protein_ceh_43","Caenorhabditis elegans","Nematoda","Bilateria"
"Celeg","NKL","Celeg_G5EGE2_COG_1A","Caenorhabditis elegans","Nematoda","Bilateria"
"Celeg","NKL","Celeg_G5ECT8_Homeobox_protein_ceh_2","Caenorhabditis elegans","Nematoda","Bilateria"
"Celeg","NKL","Celeg_Q93352_Homeobox_protein_ceh_36","Caenorhabditis elegans","Nematoda","Bilateria"
"Celeg","NKL","Celeg_P20270_Homeobox_protein_ceh_7","Caenorhabditis elegans","Nematoda","Bilateria"
"Celeg","NKL","Celeg_P29506_Homeobox_protein_unc_4","Caenorhabditis elegans","Nematoda","Bilateria"
"Celeg","NKL","Celeg_Q9U1R1_Homeobox_protein_ceh_51","Caenorhabditis elegans","Nematoda","Bilateria"
"Celeg","NKL","Celeg_G5EE18_Homeobox_protein_ceh_28","Caenorhabditis elegans","Nematoda","Bilateria"
"Celeg","NKL","Celeg_P53547_Homeobox_protein_ceh_1_Fragment","Caenorhabditis elegans","Nematoda","Bilateria"
"Celeg","NKL","Celeg_P41936_Homeobox_protein_ceh_22","Caenorhabditis elegans","Nematoda","Bilateria"
"Celeg","NKL","Celeg_Q9NLC2_Homeobox_protein_ceh_24","Caenorhabditis elegans","Nematoda","Bilateria"
"Celeg","HOX","Celeg_Q21578_Homeobox_protein_HEX_homolog_pha_2","Caenorhabditis elegans","Nematoda","Bilateria"
"Celeg","HOX","Celeg_P26797_Homeobox_protein_ceh_19","Caenorhabditis elegans","Nematoda","Bilateria"
"Celeg","HOX","Celeg_P34684_Homeobox_protein_lin_39","Caenorhabditis elegans","Nematoda","Bilateria"
"Celeg","HOX","Celeg_P10038_Homeobox_protein_mab_5","Caenorhabditis elegans","Nematoda","Bilateria"
"Celeg","HOX","Celeg_P17488_Homeobox_protein_ceh_13","Caenorhabditis elegans","Nematoda","Bilateria"
"Celeg","ZF","Celeg_G5EBU4_Zinc_finger_E_box_binding_homeobox_protein_zag_1","Caenorhabditis elegans","Nematoda","Bilateria"
"Celeg","ZF","Celeg_V6CLN5_Zinc_Finger_and_Homeobox","Caenorhabditis elegans","Nematoda","Bilateria"
"Celeg","ZF","Celeg_O17184_Homeobox_domain_containing_protein","Caenorhabditis elegans","Nematoda","Bilateria"
"Celeg","ZF","Celeg_O44462_Homeobox_domain_containing_protein","Caenorhabditis elegans","Nematoda","Bilateria"
"Celeg","SINE","Celeg_O17894_Homeobox_protein_unc_39","Caenorhabditis elegans","Nematoda","Bilateria"
"Celeg","SINE","Celeg_Q23175_Homeobox_protein_ceh_32","Caenorhabditis elegans","Nematoda","Bilateria"
"Celeg","SINE","Celeg_Q94166_Homeobox_protein_ceh_33","Caenorhabditis elegans","Nematoda","Bilateria"
"Celeg","SINE","Celeg_Q94165_Homeobox_protein_ceh_34","Caenorhabditis elegans","Nematoda","Bilateria"
"Celeg","CUT","Celeg_O16218_One_cut_domain_family_member","Caenorhabditis elegans","Nematoda","Bilateria"
"Celeg","CUT","Celeg_O45080_One_cut_domain_family_member","Caenorhabditis elegans","Nematoda","Bilateria"
"Celeg","CUT","Celeg_Q19720_Homeobox_protein_ceh_38","Caenorhabditis elegans","Nematoda","Bilateria"
"Celeg","CUT","Celeg_Q22811_Homeobox_protein_ceh_21","Caenorhabditis elegans","Nematoda","Bilateria"
"Celeg","CUT","Celeg_Q22812_Homeobox_protein_ceh_39","Caenorhabditis elegans","Nematoda","Bilateria"
"Celeg","CUT","Celeg_Q9BL02_Homeobox_protein_cut_like_ceh_44","Caenorhabditis elegans","Nematoda","Bilateria"
"Aauri","LIM","Aauri_15952","Aurelia aurita","Cnidaria","Non_Bilateria"
"Rescu","LIM","Rescu_15109","Rhopilema esculentum","Cnidaria","Non_Bilateria"
"Hmagn","LIM","Hmagn_8511","Hydra magnipapillata","Cnidaria","Non_Bilateria"
"Chemi","LIM","Chemi_A0A7M5V6C7_Uncharacterized_protein","Clytia hemisphaerica","Cnidaria","Non_Bilateria"
"Hechi","LIM","Hechi_13867","Hydractinia echinata","Cnidaria","Non_Bilateria"
"Hechi","LIM","Hechi_24219","Hydractinia echinata","Cnidaria","Non_Bilateria"
"Mviru","LIM","Mviru_12426","Morbakka virulenta","Cnidaria","Non_Bilateria"
"Nvect","LIM","Nvect_A7S9E9_Uncharacterized_protein_Fragment","Nematostella vectensis","Cnidaria","Non_Bilateria"
"Ediap","LIM","Ediap_A0A913XKF0_Uncharacterized_protein","Exaiptasia diaphana","Cnidaria","Non_Bilateria"
"Atene","LIM","Atene_A0A6P8J8B0_LIM_homeobox_protein_Lhx1_like","Actinia tenebrosa","Cnidaria","Non_Bilateria"
"Pdami","LIM","Pdami_A0A3M6TGD8_Uncharacterized_protein","Pocillopora damicornis","Cnidaria","Non_Bilateria"
"Ediap","LIM","Ediap_A0A913WQS7_Uncharacterized_protein","Exaiptasia diaphana","Cnidaria","Non_Bilateria"
"Atene","LIM","Atene_A0A6P8I9N8_LIM_homeobox_protein_Lhx4_like","Actinia tenebrosa","Cnidaria","Non_Bilateria"
"Aauri","LIM","Aauri_6202","Aurelia aurita","Cnidaria","Non_Bilateria"
"Rescu","LIM","Rescu_11815","Rhopilema esculentum","Cnidaria","Non_Bilateria"
"Mviru","LIM","Mviru_11929","Morbakka virulenta","Cnidaria","Non_Bilateria"
"Hmagn","LIM","Hmagn_2371","Hydra magnipapillata","Cnidaria","Non_Bilateria"
"Chemi","LIM","Chemi_A0A7M5V8Y3_Uncharacterized_protein","Clytia hemisphaerica","Cnidaria","Non_Bilateria"
"Hechi","LIM","Hechi_9966","Hydractinia echinata","Cnidaria","Non_Bilateria"
"Hechi","LIM","Hechi_26453","Hydractinia echinata","Cnidaria","Non_Bilateria"
"Nvect","LIM","Nvect_A7RW85_Uncharacterized_protein_Fragment","Nematostella vectensis","Cnidaria","Non_Bilateria"
"Ediap","LIM","Ediap_A0A913Y7B7_Uncharacterized_protein","Exaiptasia diaphana","Cnidaria","Non_Bilateria"
"Atene","LIM","Atene_A0A6P8IRA0_LIM_homeobox_transcription_factor_1_beta_like_isoform_X1","Actinia tenebrosa","Cnidaria","Non_Bilateria"
"Pdami","LIM","Pdami_A0A3M6V3T2_Uncharacterized_protein","Pocillopora damicornis","Cnidaria","Non_Bilateria"
"Spist","LIM","Spist_A0A2B4S3W4_LIM_homeobox_transcription_factor_1_beta","Stylophora pistillata","Cnidaria","Non_Bilateria"
"Aauri","LIM","Aauri_19642","Aurelia aurita","Cnidaria","Non_Bilateria"
"Rescu","LIM","Rescu_10302","Rhopilema esculentum","Cnidaria","Non_Bilateria"
"Hmagn","LIM","Hmagn_11038","Hydra magnipapillata","Cnidaria","Non_Bilateria"
"Chemi","LIM","Chemi_A0A7M6DRF5_Uncharacterized_protein","Clytia hemisphaerica","Cnidaria","Non_Bilateria"
"Hechi","LIM","Hechi_6499","Hydractinia echinata","Cnidaria","Non_Bilateria"
"Mviru","LIM","Mviru_11914","Morbakka virulenta","Cnidaria","Non_Bilateria"
"Mviru","LIM","Mviru_11915","Morbakka virulenta","Cnidaria","Non_Bilateria"
"Nvect","LIM","Nvect_A7SPK5_LIM_homeobox_protein_Awh","Nematostella vectensis","Cnidaria","Non_Bilateria"
"Pdami","LIM","Pdami_A0A3M6U0T7_Uncharacterized_protein","Pocillopora damicornis","Cnidaria","Non_Bilateria"
"Spist","LIM","Spist_A0A2B4SA14_LIM_homeobox_protein_Awh","Stylophora pistillata","Cnidaria","Non_Bilateria"
"Atene","LIM","Atene_A0A6P8IRN1_LIM_homeobox_protein_Awh_like","Actinia tenebrosa","Cnidaria","Non_Bilateria"
"Ediap","LIM","Ediap_A0A913XMB4_LIM_homeobox_protein_Awh","Exaiptasia diaphana","Cnidaria","Non_Bilateria"
"Rescu","LIM","Rescu_2286","Rhopilema esculentum","Cnidaria","Non_Bilateria"
"Hmagn","LIM","Hmagn_2366","Hydra magnipapillata","Cnidaria","Non_Bilateria"
"Hechi","LIM","Hechi_19415","Hydractinia echinata","Cnidaria","Non_Bilateria"
"Chemi","LIM","Chemi_A0A7M5X4S7_Uncharacterized_protein","Clytia hemisphaerica","Cnidaria","Non_Bilateria"
"Mviru","LIM","Mviru_21788","Morbakka virulenta","Cnidaria","Non_Bilateria"
"Nvect","LIM","Nvect_A7RYP5_Uncharacterized_protein_Fragment","Nematostella vectensis","Cnidaria","Non_Bilateria"
"Ediap","LIM","Ediap_A0A913WQS1_Uncharacterized_protein","Exaiptasia diaphana","Cnidaria","Non_Bilateria"
"Atene","LIM","Atene_A0A6P8IMD2_LIM_homeobox_protein_Lhx9_like_isoform_X1","Actinia tenebrosa","Cnidaria","Non_Bilateria"
"Pdami","LIM","Pdami_A0A3M6UD21_LIM_homeobox_protein_Lhx9","Pocillopora damicornis","Cnidaria","Non_Bilateria"
"Spist","LIM","Spist_A0A2B4SBK3_LIM_homeobox_protein_Lhx9","Stylophora pistillata","Cnidaria","Non_Bilateria"
"Aauri","LIM","Aauri_24750","Aurelia aurita","Cnidaria","Non_Bilateria"
"Rescu","LIM","Rescu_440","Rhopilema esculentum","Cnidaria","Non_Bilateria"
"Chemi","LIM","Chemi_A0A7M5X263_Uncharacterized_protein","Clytia hemisphaerica","Cnidaria","Non_Bilateria"
"Mviru","LIM","Mviru_16514","Morbakka virulenta","Cnidaria","Non_Bilateria"
"Nvect","LIM","Nvect_A7RR95_Uncharacterized_protein","Nematostella vectensis","Cnidaria","Non_Bilateria"
"Ediap","LIM","Ediap_A0A913Y380_Islet","Exaiptasia diaphana","Cnidaria","Non_Bilateria"
"Atene","LIM","Atene_A0A6P8GW93_Insulin_gene_enhancer_protein_isl_1_like_isoform_X1","Actinia tenebrosa","Cnidaria","Non_Bilateria"
"Pdami","LIM","Pdami_A0A3M6UED8_Uncharacterized_protein","Pocillopora damicornis","Cnidaria","Non_Bilateria"
"Spist","LIM","Spist_A0A2B4SQZ5_Insulin_gene_enhancer_protein_ISL_1","Stylophora pistillata","Cnidaria","Non_Bilateria"
"Aauri","CERS","Aauri_14681","Aurelia aurita","Cnidaria","Non_Bilateria"
"Rescu","CERS","Rescu_14560","Rhopilema esculentum","Cnidaria","Non_Bilateria"
"Hmagn","CERS","Hmagn_6257","Hydra magnipapillata","Cnidaria","Non_Bilateria"
"Chemi","CERS","Chemi_A0A7M5X688_TLC_domain_containing_protein","Clytia hemisphaerica","Cnidaria","Non_Bilateria"
"Hechi","CERS","Hechi_5","Hydractinia echinata","Cnidaria","Non_Bilateria"
"Hechi","CERS","Hechi_26777","Hydractinia echinata","Cnidaria","Non_Bilateria"
"Chemi","CERS","Chemi_A0A7M5XIC8_TLC_domain_containing_protein","Clytia hemisphaerica","Cnidaria","Non_Bilateria"
"Chemi","CERS","Chemi_A0A7M5XG48_Uncharacterized_protein","Clytia hemisphaerica","Cnidaria","Non_Bilateria"
"Mviru","CERS","Mviru_7606","Morbakka virulenta","Cnidaria","Non_Bilateria"
"Nvect","CERS","Nvect_A7S8D5_Uncharacterized_protein","Nematostella vectensis","Cnidaria","Non_Bilateria"
"Ediap","CERS","Ediap_A0A913YKX3_Uncharacterized_protein","Exaiptasia diaphana","Cnidaria","Non_Bilateria"
"Atene","CERS","Atene_A0A6P8HGU3_Ceramide_synthase_6_like","Actinia tenebrosa","Cnidaria","Non_Bilateria"
"Nvect","CERS","Nvect_A7RXN1_Uncharacterized_protein","Nematostella vectensis","Cnidaria","Non_Bilateria"
"Atene","CERS","Atene_A0A6P8IMT0_Ceramide_synthase_6_like","Actinia tenebrosa","Cnidaria","Non_Bilateria"
"Pdami","CERS","Pdami_A0A3M6UE63_Homeobox_domain_containing_protein","Pocillopora damicornis","Cnidaria","Non_Bilateria"
"Spist","CERS","Spist_A0A2B4SGF6_Ceramide_synthase_6","Stylophora pistillata","Cnidaria","Non_Bilateria"
"Aauri","POU","Aauri_2167","Aurelia aurita","Cnidaria","Non_Bilateria"
"Rescu","POU","Rescu_2624","Rhopilema esculentum","Cnidaria","Non_Bilateria"
"Mviru","POU","Mviru_4858","Morbakka virulenta","Cnidaria","Non_Bilateria"
"Nvect","POU","Nvect_A7RWM6_Uncharacterized_protein_Fragment","Nematostella vectensis","Cnidaria","Non_Bilateria"
"Ediap","POU","Ediap_A0A913X7G3_POU_domain_protein","Exaiptasia diaphana","Cnidaria","Non_Bilateria"
"Atene","POU","Atene_A0A6P8I7H4_POU_domain_class_2_transcription_factor_1_like","Actinia tenebrosa","Cnidaria","Non_Bilateria"
"Pdami","POU","Pdami_A0A3M6T931_POU_domain_protein","Pocillopora damicornis","Cnidaria","Non_Bilateria"
"Spist","POU","Spist_A0A2B4S3Z8_Phosphopantothenate_cysteine_ligase","Stylophora pistillata","Cnidaria","Non_Bilateria"
"Hmagn","POU","Hmagn_11084","Hydra magnipapillata","Cnidaria","Non_Bilateria"
"Hmagn","POU","Hmagn_11085","Hydra magnipapillata","Cnidaria","Non_Bilateria"
"Chemi","POU","Chemi_A0A7M5XFK3_Uncharacterized_protein","Clytia hemisphaerica","Cnidaria","Non_Bilateria"
"Hechi","POU","Hechi_14584","Hydractinia echinata","Cnidaria","Non_Bilateria"
"Aauri","POU","Aauri_12745","Aurelia aurita","Cnidaria","Non_Bilateria"
"Rescu","POU","Rescu_5709","Rhopilema esculentum","Cnidaria","Non_Bilateria"
"Mviru","POU","Mviru_8169","Morbakka virulenta","Cnidaria","Non_Bilateria"
"Nvect","POU","Nvect_A7SC36_POU_domain_protein","Nematostella vectensis","Cnidaria","Non_Bilateria"
"Pdami","POU","Pdami_A0A3M6ULM9_POU_domain_protein","Pocillopora damicornis","Cnidaria","Non_Bilateria"
"Spist","POU","Spist_A0A2B4RJ74_POU_domain_protein","Stylophora pistillata","Cnidaria","Non_Bilateria"
"Atene","POU","Atene_A0A6P8IM41_POU_domain_protein","Actinia tenebrosa","Cnidaria","Non_Bilateria"
"Ediap","POU","Ediap_A0A913Y4B3_POU_domain_protein","Exaiptasia diaphana","Cnidaria","Non_Bilateria"
"Aauri","POU","Aauri_20750","Aurelia aurita","Cnidaria","Non_Bilateria"
"Rescu","POU","Rescu_14761","Rhopilema esculentum","Cnidaria","Non_Bilateria"
"Mviru","POU","Mviru_11160","Morbakka virulenta","Cnidaria","Non_Bilateria"
"Nvect","POU","Nvect_A7RNB5_POU_domain_protein","Nematostella vectensis","Cnidaria","Non_Bilateria"
"Ediap","POU","Ediap_A0A913XX86_POU_domain_protein","Exaiptasia diaphana","Cnidaria","Non_Bilateria"
"Atene","POU","Atene_A0A6P8HBI0_POU_domain_protein","Actinia tenebrosa","Cnidaria","Non_Bilateria"
"Pdami","POU","Pdami_A0A3M6UWM8_POU_domain_protein","Pocillopora damicornis","Cnidaria","Non_Bilateria"
"Spist","POU","Spist_A0A2B4SN88_POU_domain_protein","Stylophora pistillata","Cnidaria","Non_Bilateria"
"Hmagn","POU","Hmagn_9627","Hydra magnipapillata","Cnidaria","Non_Bilateria"
"Hmagn","POU","Hmagn_9628","Hydra magnipapillata","Cnidaria","Non_Bilateria"
"Chemi","POU","Chemi_A0A7M5WSG5_POU_domain_protein","Clytia hemisphaerica","Cnidaria","Non_Bilateria"
"Hechi","POU","Hechi_5370","Hydractinia echinata","Cnidaria","Non_Bilateria"
"Hechi","POU","Hechi_5371","Hydractinia echinata","Cnidaria","Non_Bilateria"
"Nvect","POU","Nvect_A7RXQ0_POU_domain_protein_Fragment","Nematostella vectensis","Cnidaria","Non_Bilateria"
"Ediap","POU","Ediap_A0A913XKS8_POU_domain_protein","Exaiptasia diaphana","Cnidaria","Non_Bilateria"
"Atene","POU","Atene_A0A6P8IFF7_POU_domain_protein","Actinia tenebrosa","Cnidaria","Non_Bilateria"
"Atene","POU","Atene_A0A6P8H9K3_POU_domain_protein","Actinia tenebrosa","Cnidaria","Non_Bilateria"
"Nvect","POU","Nvect_A7SRV9_POU_domain_protein_Fragment","Nematostella vectensis","Cnidaria","Non_Bilateria"
"Pdami","POU","Pdami_A0A3M6U5D9_POU_domain_protein","Pocillopora damicornis","Cnidaria","Non_Bilateria"
"Spist","POU","Spist_A0A2B4SPD2_POU_domain_protein","Stylophora pistillata","Cnidaria","Non_Bilateria"
"Pdami","POU","Pdami_A0A3M6THY5_POU_domain_protein","Pocillopora damicornis","Cnidaria","Non_Bilateria"
"Pdami","POU","Pdami_A0A3M6TI83_POU_domain_protein","Pocillopora damicornis","Cnidaria","Non_Bilateria"
"Spist","POU","Spist_A0A2B4S5G2_POU_domain_protein","Stylophora pistillata","Cnidaria","Non_Bilateria"
"Ediap","POU","Ediap_A0A913XBY8_POU_domain_protein","Exaiptasia diaphana","Cnidaria","Non_Bilateria"
"Atene","POU","Atene_A0A6P8HLY4_POU_domain_protein","Actinia tenebrosa","Cnidaria","Non_Bilateria"
"Aauri","POU","Aauri_20112","Aurelia aurita","Cnidaria","Non_Bilateria"
"Rescu","POU","Rescu_4579","Rhopilema esculentum","Cnidaria","Non_Bilateria"
"Mviru","POU","Mviru_10235","Morbakka virulenta","Cnidaria","Non_Bilateria"
"Hechi","POU","Hechi_11966","Hydractinia echinata","Cnidaria","Non_Bilateria"
"Hechi","POU","Hechi_27303","Hydractinia echinata","Cnidaria","Non_Bilateria"
"Chemi","POU","Chemi_A0A7M5X6Q7_POU_domain_protein","Clytia hemisphaerica","Cnidaria","Non_Bilateria"
"Nvect","SOX","Nvect_A7SRZ8_HMG_box_domain_containing_protein_Fragment","Nematostella vectensis","Cnidaria","Non_Bilateria"
"Pdami","SOX","Pdami_A0A3M6UXS2_HMG_box_domain_containing_protein","Pocillopora damicornis","Cnidaria","Non_Bilateria"
"Spist","SOX","Spist_A0A2B4SIK5_Transcription_factor_SOX_14","Stylophora pistillata","Cnidaria","Non_Bilateria"
"Ediap","SOX","Ediap_A0A913XX87_HMG_box_domain_containing_protein","Exaiptasia diaphana","Cnidaria","Non_Bilateria"
"Atene","SOX","Atene_A0A6P8HN17_Sex_determining_region_Y_protein_like","Actinia tenebrosa","Cnidaria","Non_Bilateria"
"Mviru","SOX","Mviru_448","Morbakka virulenta","Cnidaria","Non_Bilateria"
"Chemi","SOX","Chemi_A0A7M5WVK0_HMG_box_domain_containing_protein","Clytia hemisphaerica","Cnidaria","Non_Bilateria"
"Hmagn","SOX","Hmagn_14000","Hydra magnipapillata","Cnidaria","Non_Bilateria"
"Chemi","SOX","Chemi_A0A7M5UWQ5_HMG_box_domain_containing_protein","Clytia hemisphaerica","Cnidaria","Non_Bilateria"
"Hechi","SOX","Hechi_28636","Hydractinia echinata","Cnidaria","Non_Bilateria"
"Nvect","SOX","Nvect_Q3S383_Sox_family_protein_2","Nematostella vectensis","Cnidaria","Non_Bilateria"
"Ediap","SOX","Ediap_A0A913XJ09_HMG_box_domain_containing_protein","Exaiptasia diaphana","Cnidaria","Non_Bilateria"
"Atene","SOX","Atene_A0A6P8I5F3_Transcription_factor_Sox_21_B_like","Actinia tenebrosa","Cnidaria","Non_Bilateria"
"Pdami","SOX","Pdami_A0A3M6U1C5_HMG_box_domain_containing_protein","Pocillopora damicornis","Cnidaria","Non_Bilateria"
"Nvect","SOX","Nvect_A7SUF3_HMG_box_domain_containing_protein","Nematostella vectensis","Cnidaria","Non_Bilateria"
"Pdami","SOX","Pdami_A0A3M6V575_HMG_box_domain_containing_protein","Pocillopora damicornis","Cnidaria","Non_Bilateria"
"Spist","SOX","Spist_A0A2B4SW67_Transcription_factor_SOX_14","Stylophora pistillata","Cnidaria","Non_Bilateria"
"Ediap","SOX","Ediap_A0A913XFE5_HMG_box_domain_containing_protein","Exaiptasia diaphana","Cnidaria","Non_Bilateria"
"Atene","SOX","Atene_A0A6P8JAZ9_Transcription_factor_Sox_14_like","Actinia tenebrosa","Cnidaria","Non_Bilateria"
"Hmagn","SOX","Hmagn_535","Hydra magnipapillata","Cnidaria","Non_Bilateria"
"Hechi","SOX","Hechi_20190","Hydractinia echinata","Cnidaria","Non_Bilateria"
"Chemi","SOX","Chemi_A0A7M5VCW9_HMG_box_domain_containing_protein","Clytia hemisphaerica","Cnidaria","Non_Bilateria"
"Hmagn","SOX","Hmagn_21716","Hydra magnipapillata","Cnidaria","Non_Bilateria"
"Hmagn","SOX","Hmagn_21717","Hydra magnipapillata","Cnidaria","Non_Bilateria"
"Nvect","SOX","Nvect_A7RVK6_HMG_box_domain_containing_protein_Fragment","Nematostella vectensis","Cnidaria","Non_Bilateria"
"Pdami","SOX","Pdami_A0A3M6UT40_HMG_box_domain_containing_protein","Pocillopora damicornis","Cnidaria","Non_Bilateria"
"Spist","SOX","Spist_A0A2B4RC45_Protein_SOX_15","Stylophora pistillata","Cnidaria","Non_Bilateria"
"Ediap","SOX","Ediap_A0A913Y322_HMG_box_domain_containing_protein","Exaiptasia diaphana","Cnidaria","Non_Bilateria"
"Atene","SOX","Atene_A0A6P8HSE8_Transcription_factor_Sox_14_like","Actinia tenebrosa","Cnidaria","Non_Bilateria"
"Hechi","SOX","Hechi_11598","Hydractinia echinata","Cnidaria","Non_Bilateria"
"Chemi","SOX","Chemi_A0A7M5WZB8_HMG_box_domain_containing_protein","Clytia hemisphaerica","Cnidaria","Non_Bilateria"
"Aauri","SOX","Aauri_17838","Aurelia aurita","Cnidaria","Non_Bilateria"
"Rescu","SOX","Rescu_7330","Rhopilema esculentum","Cnidaria","Non_Bilateria"
"Mviru","SOX","Mviru_10782","Morbakka virulenta","Cnidaria","Non_Bilateria"
"Nvect","SOX","Nvect_A7S716_HMG_box_domain_containing_protein","Nematostella vectensis","Cnidaria","Non_Bilateria"
"Ediap","SOX","Ediap_A0A913Y7U9_HMG_box_domain_containing_protein","Exaiptasia diaphana","Cnidaria","Non_Bilateria"
"Atene","SOX","Atene_A0A6P8HWA3_Transcription_factor_Sox_14_like","Actinia tenebrosa","Cnidaria","Non_Bilateria"
"Pdami","SOX","Pdami_A0A3M6TZ55_HMG_box_domain_containing_protein","Pocillopora damicornis","Cnidaria","Non_Bilateria"
"Spist","SOX","Spist_A0A2B4SWS3_Transcription_factor_Sox_2","Stylophora pistillata","Cnidaria","Non_Bilateria"
"Chemi","SOX","Chemi_A0A7M5V092_HMG_box_domain_containing_protein","Clytia hemisphaerica","Cnidaria","Non_Bilateria"
"Aauri","SOX","Aauri_31675","Aurelia aurita","Cnidaria","Non_Bilateria"
"Rescu","SOX","Rescu_1461","Rhopilema esculentum","Cnidaria","Non_Bilateria"
"Chemi","SOX","Chemi_A0A7M5WRQ0_HMG_box_domain_containing_protein","Clytia hemisphaerica","Cnidaria","Non_Bilateria"
"Hechi","SOX","Hechi_7016","Hydractinia echinata","Cnidaria","Non_Bilateria"
"Hmagn","SOX","Hmagn_1996","Hydra magnipapillata","Cnidaria","Non_Bilateria"
"Hmagn","SOX","Hmagn_2004","Hydra magnipapillata","Cnidaria","Non_Bilateria"
"Mviru","SOX","Mviru_26195","Morbakka virulenta","Cnidaria","Non_Bilateria"
"Pdami","SOX","Pdami_A0A3M6TQG4_HMG_box_domain_containing_protein","Pocillopora damicornis","Cnidaria","Non_Bilateria"
"Spist","SOX","Spist_A0A2B4RUJ0_Transcription_factor_Sox_17_alpha","Stylophora pistillata","Cnidaria","Non_Bilateria"
"Ediap","SOX","Ediap_A0A913XQV0_HMG_box_domain_containing_protein","Exaiptasia diaphana","Cnidaria","Non_Bilateria"
"Nvect","SOX","Nvect_A7RXZ2_HMG_box_domain_containing_protein_Fragment","Nematostella vectensis","Cnidaria","Non_Bilateria"
"Atene","SOX","Atene_A0A6P8IGQ8_Transcription_factor_SOX_21_like","Actinia tenebrosa","Cnidaria","Non_Bilateria"
"Spist","SOX","Spist_A0A2B4RQI8_Transcription_factor_Sox_21_A","Stylophora pistillata","Cnidaria","Non_Bilateria"
"Pdami","SOX","Pdami_A0A3M6UAW0_HMG_box_domain_containing_protein","Pocillopora damicornis","Cnidaria","Non_Bilateria"
"Ediap","SOX","Ediap_A0A913X1S2_HMG_box_domain_containing_protein","Exaiptasia diaphana","Cnidaria","Non_Bilateria"
"Atene","SOX","Atene_A0A6P8I395_Protein_SOX_15_like","Actinia tenebrosa","Cnidaria","Non_Bilateria"
"Nvect","SOX","Nvect_A7S9V3_HMG_box_domain_containing_protein_Fragment","Nematostella vectensis","Cnidaria","Non_Bilateria"
"Aauri","SOX","Aauri_26824","Aurelia aurita","Cnidaria","Non_Bilateria"
"Rescu","SOX","Rescu_14107","Rhopilema esculentum","Cnidaria","Non_Bilateria"
"Nvect","SOX","Nvect_A7SC09_HMG_box_domain_containing_protein_Fragment","Nematostella vectensis","Cnidaria","Non_Bilateria"
"Pdami","SOX","Pdami_A0A3M6TXC8_HMG_box_domain_containing_protein","Pocillopora damicornis","Cnidaria","Non_Bilateria"
"Spist","SOX","Spist_A0A2B4SH57_Transcription_factor_Sox_14","Stylophora pistillata","Cnidaria","Non_Bilateria"
"Ediap","SOX","Ediap_A0A913WUV3_HMG_box_domain_containing_protein","Exaiptasia diaphana","Cnidaria","Non_Bilateria"
"Atene","SOX","Atene_A0A6P8HYF0_Transcription_factor_SOX_14_like","Actinia tenebrosa","Cnidaria","Non_Bilateria"
"Pdami","SOX","Pdami_A0A3M6U9R1_HMG_box_domain_containing_protein","Pocillopora damicornis","Cnidaria","Non_Bilateria"
"Spist","SOX","Spist_A0A2B4S5C4_Transcription_factor_Sox_14","Stylophora pistillata","Cnidaria","Non_Bilateria"
"Nvect","SOX","Nvect_Q3S381_Sox_family_protein_B1","Nematostella vectensis","Cnidaria","Non_Bilateria"
"Ediap","SOX","Ediap_A0A913XFW6_HMG_box_domain_containing_protein","Exaiptasia diaphana","Cnidaria","Non_Bilateria"
"Atene","SOX","Atene_A0A6P8IQB9_Transcription_factor_Sox_3_like","Actinia tenebrosa","Cnidaria","Non_Bilateria"
"Pdami","SOX","Pdami_A0A3M6UT60_HMG_box_domain_containing_protein","Pocillopora damicornis","Cnidaria","Non_Bilateria"
"Spist","SOX","Spist_A0A2B4S9I4_Transcription_factor_Sox_3","Stylophora pistillata","Cnidaria","Non_Bilateria"
"Hmagn","SOX","Hmagn_13363","Hydra magnipapillata","Cnidaria","Non_Bilateria"
"Chemi","SOX","Chemi_A0A7M5UTM4_HMG_box_domain_containing_protein","Clytia hemisphaerica","Cnidaria","Non_Bilateria"
"Hechi","SOX","Hechi_21498","Hydractinia echinata","Cnidaria","Non_Bilateria"
"Aauri","SOX","Aauri_20350","Aurelia aurita","Cnidaria","Non_Bilateria"
"Rescu","SOX","Rescu_13642","Rhopilema esculentum","Cnidaria","Non_Bilateria"
"Hechi","SOX","Hechi_21476","Hydractinia echinata","Cnidaria","Non_Bilateria"
"Nvect","SOX","Nvect_A7SJN1_HMG_box_domain_containing_protein_Fragment","Nematostella vectensis","Cnidaria","Non_Bilateria"
"Ediap","SOX","Ediap_A0A913WT45_HMG_box_domain_containing_protein","Exaiptasia diaphana","Cnidaria","Non_Bilateria"
"Atene","SOX","Atene_A0A6P8H8J8_Transcription_factor_SOX_9_like","Actinia tenebrosa","Cnidaria","Non_Bilateria"
"Pdami","SOX","Pdami_A0A3M6U135_HMG_box_domain_containing_protein","Pocillopora damicornis","Cnidaria","Non_Bilateria"
"Spist","SOX","Spist_A0A2B4RVE2_Transcription_factor_Sox_21_B","Stylophora pistillata","Cnidaria","Non_Bilateria"
"Chemi","SOX","Chemi_A0A7M5WRY5_HMG_box_domain_containing_protein","Clytia hemisphaerica","Cnidaria","Non_Bilateria"
"Hechi","SOX","Hechi_17705","Hydractinia echinata","Cnidaria","Non_Bilateria"
"Aauri","SOX","Aauri_11891","Aurelia aurita","Cnidaria","Non_Bilateria"
"Rescu","SOX","Rescu_9955","Rhopilema esculentum","Cnidaria","Non_Bilateria"
"Mviru","SOX","Mviru_23685","Morbakka virulenta","Cnidaria","Non_Bilateria"
"Nvect","SOX","Nvect_A7SEA1_HMG_box_domain_containing_protein","Nematostella vectensis","Cnidaria","Non_Bilateria"
"Ediap","SOX","Ediap_A0A913XH26_HMG_box_domain_containing_protein","Exaiptasia diaphana","Cnidaria","Non_Bilateria"
"Atene","SOX","Atene_A0A6P8HKB8_Transcription_factor_SOX_9_like","Actinia tenebrosa","Cnidaria","Non_Bilateria"
"Pdami","SOX","Pdami_A0A3M6V073_HMG_box_domain_containing_protein","Pocillopora damicornis","Cnidaria","Non_Bilateria"
"Spist","SOX","Spist_A0A2B4SR54_Transcription_factor_SOX_9","Stylophora pistillata","Cnidaria","Non_Bilateria"
"Mviru","SOX","Mviru_21611","Morbakka virulenta","Cnidaria","Non_Bilateria"
"Chemi","SOX","Chemi_A0A7M5VFE5_HMG_box_domain_containing_protein","Clytia hemisphaerica","Cnidaria","Non_Bilateria"
"Hechi","SOX","Hechi_5425","Hydractinia echinata","Cnidaria","Non_Bilateria"
"Nvect","SOX","Nvect_A7RWK8_HMG_box_domain_containing_protein","Nematostella vectensis","Cnidaria","Non_Bilateria"
"Pdami","SOX","Pdami_A0A3M6UJC1_HMG_box_domain_containing_protein","Pocillopora damicornis","Cnidaria","Non_Bilateria"
"Spist","SOX","Spist_A0A2B4RLQ1_Transcription_factor_Sox_7","Stylophora pistillata","Cnidaria","Non_Bilateria"
"Ediap","SOX","Ediap_A0A913XDQ5_HMG_box_domain_containing_protein","Exaiptasia diaphana","Cnidaria","Non_Bilateria"
"Atene","SOX","Atene_A0A6P8H2G6_Transcription_factor_Sox_7_like","Actinia tenebrosa","Cnidaria","Non_Bilateria"
"Rescu","SOX","Rescu_10334","Rhopilema esculentum","Cnidaria","Non_Bilateria"
"Mviru","SOX","Mviru_1060","Morbakka virulenta","Cnidaria","Non_Bilateria"
"Hmagn","SOX","Hmagn_12018","Hydra magnipapillata","Cnidaria","Non_Bilateria"
"Nvect","SOX","Nvect_A7STW6_HMG_box_domain_containing_protein_Fragment","Nematostella vectensis","Cnidaria","Non_Bilateria"
"Ediap","SOX","Ediap_A0A913Y5X5_HMG_box_domain_containing_protein","Exaiptasia diaphana","Cnidaria","Non_Bilateria"
"Atene","SOX","Atene_A0A6P8H998_Transcription_factor_Sox_11_B_like","Actinia tenebrosa","Cnidaria","Non_Bilateria"
"Spist","SOX","Spist_A0A2B4RU91_Transcription_factor_SOX_4","Stylophora pistillata","Cnidaria","Non_Bilateria"
"Pdami","SOX","Pdami_A0A3M6T7P6_HMG_box_domain_containing_protein","Pocillopora damicornis","Cnidaria","Non_Bilateria"
"Mviru","SOX","Mviru_14641","Morbakka virulenta","Cnidaria","Non_Bilateria"
"Hmagn","SOX","Hmagn_20397","Hydra magnipapillata","Cnidaria","Non_Bilateria"
"Chemi","SOX","Chemi_A0A7M5UVB1_HMG_box_domain_containing_protein","Clytia hemisphaerica","Cnidaria","Non_Bilateria"
"Nvect","SOX","Nvect_A7S0S2_HMG_box_domain_containing_protein_Fragment","Nematostella vectensis","Cnidaria","Non_Bilateria"
"Ediap","SOX","Ediap_A0A913YCA0_HMG_box_domain_containing_protein","Exaiptasia diaphana","Cnidaria","Non_Bilateria"
"Atene","SOX","Atene_A0A6P8J4W5_Transcription_factor_SOX_4_like","Actinia tenebrosa","Cnidaria","Non_Bilateria"
"Pdami","SOX","Pdami_A0A3M6UVV8_HMG_box_domain_containing_protein","Pocillopora damicornis","Cnidaria","Non_Bilateria"
"Spist","SOX","Spist_A0A2B4RKY0_Transcription_factor_Sox_8","Stylophora pistillata","Cnidaria","Non_Bilateria"
"Aauri","SOX","Aauri_24473","Aurelia aurita","Cnidaria","Non_Bilateria"
"Rescu","SOX","Rescu_13211","Rhopilema esculentum","Cnidaria","Non_Bilateria"
"Pdami","SOX","Pdami_A0A3M6UQN1_HMG_box_domain_containing_protein","Pocillopora damicornis","Cnidaria","Non_Bilateria"
"Spist","SOX","Spist_A0A2B4S7L8_Transcription_factor_SOX_30","Stylophora pistillata","Cnidaria","Non_Bilateria"
"Nvect","SOX","Nvect_A7SEY6_HMG_box_domain_containing_protein_Fragment","Nematostella vectensis","Cnidaria","Non_Bilateria"
"Ediap","SOX","Ediap_A0A913Y1Q0_HMG_box_domain_containing_protein","Exaiptasia diaphana","Cnidaria","Non_Bilateria"
"Atene","SOX","Atene_A0A6P8IJD2_Transcription_factor_Sox_8_like","Actinia tenebrosa","Cnidaria","Non_Bilateria"
"Mviru","SOX","Mviru_11387","Morbakka virulenta","Cnidaria","Non_Bilateria"
"Mviru","SOX","Mviru_2490","Morbakka virulenta","Cnidaria","Non_Bilateria"
"Hmagn","SOX","Hmagn_19676","Hydra magnipapillata","Cnidaria","Non_Bilateria"
"Chemi","NKL","Chemi_A0A7M5XGE1_Homeobox_domain_containing_protein","Clytia hemisphaerica","Cnidaria","Non_Bilateria"
"Spist","NKL","Spist_A0A2B4S9K5_Homeobox_protein_EMX1","Stylophora pistillata","Cnidaria","Non_Bilateria"
"Nvect","NKL","Nvect_A7RG38_Homeobox_domain_containing_protein","Nematostella vectensis","Cnidaria","Non_Bilateria"
"Ediap","NKL","Ediap_A0A913Y2D2_Homeobox_domain_containing_protein","Exaiptasia diaphana","Cnidaria","Non_Bilateria"
"Ediap","NKL","Ediap_A0A913XD37_Homeobox_domain_containing_protein","Exaiptasia diaphana","Cnidaria","Non_Bilateria"
"Atene","NKL","Atene_A0A6P8IFJ1_H2_0_like_homeobox_protein","Actinia tenebrosa","Cnidaria","Non_Bilateria"
"Atene","NKL","Atene_A0A6P8H2S8_Homeobox_protein_DBX1_B_like","Actinia tenebrosa","Cnidaria","Non_Bilateria"
"Pdami","NKL","Pdami_A0A3M6T453_Homeobox_domain_containing_protein","Pocillopora damicornis","Cnidaria","Non_Bilateria"
"Spist","NKL","Spist_A0A2B4SC02_H2_0_like_homeobox_protein","Stylophora pistillata","Cnidaria","Non_Bilateria"
"Ediap","NKL","Ediap_A0A913WRW6_Homeobox_domain_containing_protein","Exaiptasia diaphana","Cnidaria","Non_Bilateria"
"Pdami","NKL","Pdami_A0A3M6U4P3_Homeobox_domain_containing_protein","Pocillopora damicornis","Cnidaria","Non_Bilateria"
"Spist","NKL","Spist_A0A2B4RLB9_H2_0_like_homeobox_protein","Stylophora pistillata","Cnidaria","Non_Bilateria"
"Pdami","NKL","Pdami_A0A3M6TPV4_Homeobox_domain_containing_protein","Pocillopora damicornis","Cnidaria","Non_Bilateria"
"Chemi","NKL","Chemi_A0A7M5VD47_Homeobox_domain_containing_protein","Clytia hemisphaerica","Cnidaria","Non_Bilateria"
"Nvect","NKL","Nvect_A7SDF6_Homeobox_domain_containing_protein_Fragment","Nematostella vectensis","Cnidaria","Non_Bilateria"
"Ediap","NKL","Ediap_A0A913YJE4_folate_gamma_glutamyl_hydrolase","Exaiptasia diaphana","Cnidaria","Non_Bilateria"
"Ediap","NKL","Ediap_A0A913YKY4_folate_gamma_glutamyl_hydrolase","Exaiptasia diaphana","Cnidaria","Non_Bilateria"
"Ediap","NKL","Ediap_A0A913X2B1_Homeobox_domain_containing_protein","Exaiptasia diaphana","Cnidaria","Non_Bilateria"
"Atene","NKL","Atene_A0A6P8HHL1_Homeobox_protein_Nkx_3_1_like","Actinia tenebrosa","Cnidaria","Non_Bilateria"
"Atene","NKL","Atene_A0A6P8HBE4_Homeobox_protein_engrailed_like_ceh_16","Actinia tenebrosa","Cnidaria","Non_Bilateria"
"Atene","NKL","Atene_A0A6P8H314_Homeobox_protein_engrailed_like_ceh_16","Actinia tenebrosa","Cnidaria","Non_Bilateria"
"Atene","NKL","Atene_A0A6P8HDS1_Homeobox_protein_ceh_19_like","Actinia tenebrosa","Cnidaria","Non_Bilateria"
"Spist","NKL","Spist_A0A2B4SLU2_Homeobox_protein_not2","Stylophora pistillata","Cnidaria","Non_Bilateria"
"Nvect","NKL","Nvect_A7RMB1_Homeobox_domain_containing_protein","Nematostella vectensis","Cnidaria","Non_Bilateria"
"Nvect","NKL","Nvect_A7S291_Homeobox_domain_containing_protein_Fragment","Nematostella vectensis","Cnidaria","Non_Bilateria"
"Ediap","NKL","Ediap_A0A913X481_Homeobox_domain_containing_protein","Exaiptasia diaphana","Cnidaria","Non_Bilateria"
"Atene","NKL","Atene_A0A6P8IE88_Homeobox_protein_MSX_2_like","Actinia tenebrosa","Cnidaria","Non_Bilateria"
"Pdami","NKL","Pdami_A0A3M6TLX1_Homeobox_domain_containing_protein","Pocillopora damicornis","Cnidaria","Non_Bilateria"
"Spist","NKL","Spist_A0A2B4SV06_Homeobox_protein_rough","Stylophora pistillata","Cnidaria","Non_Bilateria"
"Pdami","NKL","Pdami_A0A3M6U5N3_Paired_domain_containing_protein","Pocillopora damicornis","Cnidaria","Non_Bilateria"
"Spist","NKL","Spist_A0A2B4SVU4_Paired_box_protein_Pax_6","Stylophora pistillata","Cnidaria","Non_Bilateria"
"Hmagn","NKL","Hmagn_2433","Hydra magnipapillata","Cnidaria","Non_Bilateria"
"Pdami","NKL","Pdami_A0A3M6USC5_Homeobox_domain_containing_protein","Pocillopora damicornis","Cnidaria","Non_Bilateria"
"Spist","NKL","Spist_A0A2B4RWW7_Aristaless_related_homeobox_protein","Stylophora pistillata","Cnidaria","Non_Bilateria"
"Nvect","NKL","Nvect_Q0N4G2_NK_like_20_Fragment","Nematostella vectensis","Cnidaria","Non_Bilateria"
"Ediap","NKL","Ediap_A0A913X7U5_Homeobox_domain_containing_protein","Exaiptasia diaphana","Cnidaria","Non_Bilateria"
"Atene","NKL","Atene_A0A6P8HSK4_Homeobox_protein_HMX3_A_like","Actinia tenebrosa","Cnidaria","Non_Bilateria"
"Ediap","NKL","Ediap_A0A913XQD2_Uncharacterized_protein","Exaiptasia diaphana","Cnidaria","Non_Bilateria"
"Atene","NKL","Atene_A0A6P8GYI3_Retinal_homeobox_protein_Rx1_like","Actinia tenebrosa","Cnidaria","Non_Bilateria"
"Pdami","NKL","Pdami_A0A3M6UQ05_Homeobox_domain_containing_protein","Pocillopora damicornis","Cnidaria","Non_Bilateria"
"Spist","NKL","Spist_A0A2B4RK17_Homeobox_protein_Nkx_3_2","Stylophora pistillata","Cnidaria","Non_Bilateria"
"Nvect","NKL","Nvect_A7RYF6_Homeobox_domain_containing_protein_Fragment","Nematostella vectensis","Cnidaria","Non_Bilateria"
"Pdami","NKL","Pdami_A0A3M6TNM5_Homeobox_domain_containing_protein","Pocillopora damicornis","Cnidaria","Non_Bilateria"
"Atene","NKL","Atene_A0A6P8IKT4_Homeobox_protein_BarH_like_1","Actinia tenebrosa","Cnidaria","Non_Bilateria"
"Spist","NKL","Spist_A0A2B4RVR3_Homeobox_protein_EMX1","Stylophora pistillata","Cnidaria","Non_Bilateria"
"Pdami","NKL","Pdami_A0A3M6U1L8_Homeobox_domain_containing_protein","Pocillopora damicornis","Cnidaria","Non_Bilateria"
"Ediap","NKL","Ediap_A0A913Y2W4_Homeobox_domain_containing_protein","Exaiptasia diaphana","Cnidaria","Non_Bilateria"
"Atene","NKL","Atene_A0A6P8IDL4_Homeobox_protein_EMX2_like","Actinia tenebrosa","Cnidaria","Non_Bilateria"
"Nvect","NKL","Nvect_A7SGR9_Homeobox_domain_containing_protein_Fragment","Nematostella vectensis","Cnidaria","Non_Bilateria"
"Nvect","NKL","Nvect_A7RYQ0_Homeobox_domain_containing_protein_Fragment","Nematostella vectensis","Cnidaria","Non_Bilateria"
"Spist","NKL","Spist_A0A2B4SBR8_Homeobox_protein_HMX3","Stylophora pistillata","Cnidaria","Non_Bilateria"
"Pdami","NKL","Pdami_A0A3M6T6Y5_Homeobox_domain_containing_protein","Pocillopora damicornis","Cnidaria","Non_Bilateria"
"Spist","NKL","Spist_A0A2B4SHQ6_NK1_transcription_factor_related_protein_2","Stylophora pistillata","Cnidaria","Non_Bilateria"
"Spist","NKL","Spist_A0A2B4SI39_BarH_like_1_homeobox_protein","Stylophora pistillata","Cnidaria","Non_Bilateria"
"Nvect","NKL","Nvect_A7SBL6_Homeobox_domain_containing_protein_Fragment","Nematostella vectensis","Cnidaria","Non_Bilateria"
"Ediap","NKL","Ediap_A0A913XXW9_Homeobox_domain_containing_protein","Exaiptasia diaphana","Cnidaria","Non_Bilateria"
"Atene","NKL","Atene_A0A6P8H9D0_Homeobox_protein_MSX_2_like","Actinia tenebrosa","Cnidaria","Non_Bilateria"
"Hmagn","NKL","Hmagn_3462","Hydra magnipapillata","Cnidaria","Non_Bilateria"
"Mviru","NKL","Mviru_377","Morbakka virulenta","Cnidaria","Non_Bilateria"
"Nvect","NKL","Nvect_A7RRR7_Homeobox_domain_containing_protein_Fragment","Nematostella vectensis","Cnidaria","Non_Bilateria"
"Ediap","NKL","Ediap_A0A913XMY2_Homeobox_domain_containing_protein","Exaiptasia diaphana","Cnidaria","Non_Bilateria"
"Atene","NKL","Atene_A0A6P8GZU6_Homeobox_protein_Nkx_3_1_like","Actinia tenebrosa","Cnidaria","Non_Bilateria"
"Mviru","NKL","Mviru_27732","Morbakka virulenta","Cnidaria","Non_Bilateria"
"Aauri","NKL","Aauri_16098","Aurelia aurita","Cnidaria","Non_Bilateria"
"Hmagn","NKL","Hmagn_19407","Hydra magnipapillata","Cnidaria","Non_Bilateria"
"Chemi","NKL","Chemi_A0A7M6DP92_Homeobox_domain_containing_protein","Clytia hemisphaerica","Cnidaria","Non_Bilateria"
"Aauri","NKL","Aauri_652","Aurelia aurita","Cnidaria","Non_Bilateria"
"Mviru","NKL","Mviru_17853","Morbakka virulenta","Cnidaria","Non_Bilateria"
"Chemi","NKL","Chemi_A0A7M5X4L5_Homeobox_domain_containing_protein","Clytia hemisphaerica","Cnidaria","Non_Bilateria"
"Nvect","NKL","Nvect_A7RFR4_Homeobox_domain_containing_protein_Fragment","Nematostella vectensis","Cnidaria","Non_Bilateria"
"Nvect","NKL","Nvect_A7S8C1_Homeobox_domain_containing_protein","Nematostella vectensis","Cnidaria","Non_Bilateria"
"Nvect","NKL","Nvect_A7T5P9_Homeobox_domain_containing_protein_Fragment","Nematostella vectensis","Cnidaria","Non_Bilateria"
"Mviru","NKL","Mviru_15647","Morbakka virulenta","Cnidaria","Non_Bilateria"
"Rescu","NKL","Rescu_7825","Rhopilema esculentum","Cnidaria","Non_Bilateria"
"Mviru","NKL","Mviru_27653","Morbakka virulenta","Cnidaria","Non_Bilateria"
"Nvect","NKL","Nvect_A7S0N4_Homeobox_domain_containing_protein","Nematostella vectensis","Cnidaria","Non_Bilateria"
"Atene","NKL","Atene_A0A6P8GZJ5_Transcription_factor_LBX1_like","Actinia tenebrosa","Cnidaria","Non_Bilateria"
"Ediap","NKL","Ediap_A0A913X718_Homeobox_domain_containing_protein","Exaiptasia diaphana","Cnidaria","Non_Bilateria"
"Pdami","NKL","Pdami_A0A3M6U2V3_Homeobox_domain_containing_protein","Pocillopora damicornis","Cnidaria","Non_Bilateria"
"Spist","NKL","Spist_A0A2B4SN51_Transcription_factor_LBX1","Stylophora pistillata","Cnidaria","Non_Bilateria"
"Nvect","NKL","Nvect_A7SQ94_Homeobox_domain_containing_protein_Fragment","Nematostella vectensis","Cnidaria","Non_Bilateria"
"Hmagn","NKL","Hmagn_24793","Hydra magnipapillata","Cnidaria","Non_Bilateria"
"Chemi","NKL","Chemi_A0A7M5WWY7_Homeobox_domain_containing_protein","Clytia hemisphaerica","Cnidaria","Non_Bilateria"
"Hechi","NKL","Hechi_13075","Hydractinia echinata","Cnidaria","Non_Bilateria"
"Atene","NKL","Atene_A0A6P8I8N9_Homeobox_protein_Nkx_2_5_like","Actinia tenebrosa","Cnidaria","Non_Bilateria"
"Nvect","NKL","Nvect_A7RH09_Homeobox_domain_containing_protein_Fragment","Nematostella vectensis","Cnidaria","Non_Bilateria"
"Nvect","NKL","Nvect_A7RY67_Homeobox_domain_containing_protein_Fragment","Nematostella vectensis","Cnidaria","Non_Bilateria"
"Nvect","NKL","Nvect_A7SUX2_Homeobox_domain_containing_protein_Fragment","Nematostella vectensis","Cnidaria","Non_Bilateria"
"Pdami","NKL","Pdami_A0A3M6T9E2_Homeobox_domain_containing_protein","Pocillopora damicornis","Cnidaria","Non_Bilateria"
"Spist","NKL","Spist_A0A2B4S2E2_Transcription_factor_LBX2","Stylophora pistillata","Cnidaria","Non_Bilateria"
"Pdami","NKL","Pdami_A0A3M6UWX0_Homeobox_domain_containing_protein","Pocillopora damicornis","Cnidaria","Non_Bilateria"
"Spist","NKL","Spist_A0A2B4SP45_Homeobox_protein_unc_4","Stylophora pistillata","Cnidaria","Non_Bilateria"
"Ediap","NKL","Ediap_A0A913XRU1_Uncharacterized_protein","Exaiptasia diaphana","Cnidaria","Non_Bilateria"
"Atene","NKL","Atene_A0A6P8IK33_Homeobox_protein_unc_4_homolog","Actinia tenebrosa","Cnidaria","Non_Bilateria"
"Pdami","NKL","Pdami_A0A3M6UT86_Homeobox_domain_containing_protein","Pocillopora damicornis","Cnidaria","Non_Bilateria"
"Atene","NKL","Atene_A0A6P8I539_Hematopoietically_expressed_homeobox_protein_hhex_like","Actinia tenebrosa","Cnidaria","Non_Bilateria"
"Spist","NKL","Spist_A0A2B4S0W5_Hematopoietically_expressed_homeobox_protein_hhex","Stylophora pistillata","Cnidaria","Non_Bilateria"
"Mviru","NKL","Mviru_19171","Morbakka virulenta","Cnidaria","Non_Bilateria"
"Pdami","NKL","Pdami_A0A3M6T5B4_Homeobox_domain_containing_protein","Pocillopora damicornis","Cnidaria","Non_Bilateria"
"Spist","NKL","Spist_A0A2B4RM58_Transcription_factor_LBX1","Stylophora pistillata","Cnidaria","Non_Bilateria"
"Nvect","NKL","Nvect_A7S7L1_Homeobox_domain_containing_protein","Nematostella vectensis","Cnidaria","Non_Bilateria"
"Ediap","NKL","Ediap_A0A913X6Z2_Homeobox_domain_containing_protein","Exaiptasia diaphana","Cnidaria","Non_Bilateria"
"Atene","NKL","Atene_A0A6P8H1M9_Homeobox_protein_zampogna_like","Actinia tenebrosa","Cnidaria","Non_Bilateria"
"Pdami","NKL","Pdami_A0A3M6U2G0_Homeobox_domain_containing_protein","Pocillopora damicornis","Cnidaria","Non_Bilateria"
"Spist","NKL","Spist_A0A2B4SP53_Homeobox_protein_Nkx_3_2","Stylophora pistillata","Cnidaria","Non_Bilateria"
"Aauri","NKL","Aauri_36931","Aurelia aurita","Cnidaria","Non_Bilateria"
"Hechi","NKL","Hechi_17935","Hydractinia echinata","Cnidaria","Non_Bilateria"
"Hmagn","NKL","Hmagn_7329","Hydra magnipapillata","Cnidaria","Non_Bilateria"
"Chemi","NKL","Chemi_A0A7M5WR86_Homeobox_domain_containing_protein","Clytia hemisphaerica","Cnidaria","Non_Bilateria"
"Nvect","NKL","Nvect_A7RPR7_Homeobox_domain_containing_protein_Fragment","Nematostella vectensis","Cnidaria","Non_Bilateria"
"Atene","NKL","Atene_A0A6P8HMA2_Homeobox_protein_DLX_6_like","Actinia tenebrosa","Cnidaria","Non_Bilateria"
"Ediap","NKL","Ediap_A0A913XI33_Homeobox_domain_containing_protein","Exaiptasia diaphana","Cnidaria","Non_Bilateria"
"Pdami","NKL","Pdami_A0A3M6TKG7_Homeobox_domain_containing_protein","Pocillopora damicornis","Cnidaria","Non_Bilateria"
"Spist","NKL","Spist_A0A2B4S827_Homeobox_protein_Dlx4a","Stylophora pistillata","Cnidaria","Non_Bilateria"
"Hechi","NKL","Hechi_6745","Hydractinia echinata","Cnidaria","Non_Bilateria"
"Spist","NKL","Spist_A0A2B4S877_Homeobox_protein_not2","Stylophora pistillata","Cnidaria","Non_Bilateria"
"Pdami","NKL","Pdami_A0A3M6UQF1_Homeobox_domain_containing_protein","Pocillopora damicornis","Cnidaria","Non_Bilateria"
"Nvect","NKL","Nvect_A7RIH8_Homeobox_domain_containing_protein_Fragment","Nematostella vectensis","Cnidaria","Non_Bilateria"
"Spist","NKL","Spist_A0A2B4RVG0_Homeobox_protein_EMX1","Stylophora pistillata","Cnidaria","Non_Bilateria"
"Pdami","NKL","Pdami_A0A3M6U1P2_Homeobox_domain_containing_protein","Pocillopora damicornis","Cnidaria","Non_Bilateria"
"Atene","NKL","Atene_A0A6P8IAY8_Homeobox_protein_EMX1_like","Actinia tenebrosa","Cnidaria","Non_Bilateria"
"Ediap","NKL","Ediap_A0A913Y3E2_Homeobox_domain_containing_protein","Exaiptasia diaphana","Cnidaria","Non_Bilateria"
"Nvect","NKL","Nvect_A7RH67_Homeobox_domain_containing_protein","Nematostella vectensis","Cnidaria","Non_Bilateria"
"Pdami","NKL","Pdami_A0A3M6UZ64_Homeobox_domain_containing_protein","Pocillopora damicornis","Cnidaria","Non_Bilateria"
"Spist","NKL","Spist_A0A2B4SAW3_Homeobox_protein_not2","Stylophora pistillata","Cnidaria","Non_Bilateria"
"Ediap","NKL","Ediap_A0A913WSE6_Homeobox_domain_containing_protein","Exaiptasia diaphana","Cnidaria","Non_Bilateria"
"Chemi","NKL","Chemi_A0A7M6DNS4_Homeobox_domain_containing_protein","Clytia hemisphaerica","Cnidaria","Non_Bilateria"
"Mviru","NKL","Mviru_1344","Morbakka virulenta","Cnidaria","Non_Bilateria"
"Mviru","NKL","Mviru_6023","Morbakka virulenta","Cnidaria","Non_Bilateria"
"Mviru","NKL","Mviru_6026","Morbakka virulenta","Cnidaria","Non_Bilateria"
"Aauri","NKL","Aauri_32925","Aurelia aurita","Cnidaria","Non_Bilateria"
"Mviru","NKL","Mviru_12071","Morbakka virulenta","Cnidaria","Non_Bilateria"
"Hechi","NKL","Hechi_12900","Hydractinia echinata","Cnidaria","Non_Bilateria"
"Chemi","NKL","Chemi_A0A7M5XEI8_Homeobox_domain_containing_protein","Clytia hemisphaerica","Cnidaria","Non_Bilateria"
"Aauri","NKL","Aauri_6595","Aurelia aurita","Cnidaria","Non_Bilateria"
"Aauri","NKL","Aauri_15969","Aurelia aurita","Cnidaria","Non_Bilateria"
"Chemi","NKL","Chemi_A0A7M5XB59_Homeobox_domain_containing_protein","Clytia hemisphaerica","Cnidaria","Non_Bilateria"
"Mviru","NKL","Mviru_4091","Morbakka virulenta","Cnidaria","Non_Bilateria"
"Nvect","NKL","Nvect_A7RI80_Homeobox_domain_containing_protein","Nematostella vectensis","Cnidaria","Non_Bilateria"
"Pdami","NKL","Pdami_A0A3M6USG4_Homeobox_domain_containing_protein","Pocillopora damicornis","Cnidaria","Non_Bilateria"
"Spist","NKL","Spist_A0A2B4RZK3_NK1_transcription_factor_related_protein_1","Stylophora pistillata","Cnidaria","Non_Bilateria"
"Atene","NKL","Atene_A0A6P8GZG0_NK1_transcription_factor_related_protein_1_like_isoform_X1","Actinia tenebrosa","Cnidaria","Non_Bilateria"
"Ediap","NKL","Ediap_A0A913X8X1_Homeobox_domain_containing_protein","Exaiptasia diaphana","Cnidaria","Non_Bilateria"
"Nvect","NKL","Nvect_A7SQP7_Homeobox_domain_containing_protein","Nematostella vectensis","Cnidaria","Non_Bilateria"
"Ediap","NKL","Ediap_A0A913XMX4_Homeobox_domain_containing_protein","Exaiptasia diaphana","Cnidaria","Non_Bilateria"
"Atene","NKL","Atene_A0A6P8H2M9_Homeobox_protein_XENK_2_like","Actinia tenebrosa","Cnidaria","Non_Bilateria"
"Pdami","NKL","Pdami_A0A3M6U8H4_Homeobox_domain_containing_protein","Pocillopora damicornis","Cnidaria","Non_Bilateria"
"Spist","NKL","Spist_A0A2B4RXD6_Homeobox_protein_Nkx_2_4","Stylophora pistillata","Cnidaria","Non_Bilateria"
"Nvect","NKL","Nvect_A7SQP6_Homeobox_domain_containing_protein_Fragment","Nematostella vectensis","Cnidaria","Non_Bilateria"
"Ediap","NKL","Ediap_A0A913XNI9_Homeobox_domain_containing_protein","Exaiptasia diaphana","Cnidaria","Non_Bilateria"
"Atene","NKL","Atene_A0A6P8GZT1_Homeobox_protein_Nkx_2_2a_like","Actinia tenebrosa","Cnidaria","Non_Bilateria"
"Pdami","NKL","Pdami_A0A3M6U8I7_Homeobox_domain_containing_protein","Pocillopora damicornis","Cnidaria","Non_Bilateria"
"Spist","NKL","Spist_A0A2B4S3D8_Homeobox_protein_Nkx_2_2a","Stylophora pistillata","Cnidaria","Non_Bilateria"
"Nvect","NKL","Nvect_A7SQP4_Homeobox_domain_containing_protein_Fragment","Nematostella vectensis","Cnidaria","Non_Bilateria"
"Atene","NKL","Atene_A0A6P8HAY9_Homeobox_protein_Nkx_2_2a_like","Actinia tenebrosa","Cnidaria","Non_Bilateria"
"Ediap","NKL","Ediap_A0A913YR50_Homeobox_domain_containing_protein","Exaiptasia diaphana","Cnidaria","Non_Bilateria"
"Pdami","NKL","Pdami_A0A3M6U8L8_Homeobox_domain_containing_protein","Pocillopora damicornis","Cnidaria","Non_Bilateria"
"Spist","NKL","Spist_A0A2B4S239_Homeobox_protein_Nkx_2_8","Stylophora pistillata","Cnidaria","Non_Bilateria"
"Pdami","NKL","Pdami_A0A3M6U8Q4_Homeobox_domain_containing_protein","Pocillopora damicornis","Cnidaria","Non_Bilateria"
"Spist","NKL","Spist_A0A2B4S3R7_Homeobox_protein_Nkx_2_2","Stylophora pistillata","Cnidaria","Non_Bilateria"
"Nvect","NKL","Nvect_A7SQP5_Homeobox_domain_containing_protein","Nematostella vectensis","Cnidaria","Non_Bilateria"
"Ediap","NKL","Ediap_A0A913XMU1_Homeobox_domain_containing_protein","Exaiptasia diaphana","Cnidaria","Non_Bilateria"
"Atene","NKL","Atene_A0A6P8GZR4_Homeobox_protein_XENK_2_like","Actinia tenebrosa","Cnidaria","Non_Bilateria"
"Pdami","NKL","Pdami_A0A3M6U8T0_Homeobox_domain_containing_protein","Pocillopora damicornis","Cnidaria","Non_Bilateria"
"Spist","NKL","Spist_A0A2B4S3H9_Homeobox_protein_Nkx_2_2a","Stylophora pistillata","Cnidaria","Non_Bilateria"
"Rescu","NKL","Rescu_13699","Rhopilema esculentum","Cnidaria","Non_Bilateria"
"Mviru","NKL","Mviru_2471","Morbakka virulenta","Cnidaria","Non_Bilateria"
"Hmagn","NKL","Hmagn_34064","Hydra magnipapillata","Cnidaria","Non_Bilateria"
"Hmagn","NKL","Hmagn_34065","Hydra magnipapillata","Cnidaria","Non_Bilateria"
"Chemi","NKL","Chemi_A0A7M5WVC3_Homeobox_domain_containing_protein","Clytia hemisphaerica","Cnidaria","Non_Bilateria"
"Nvect","NKL","Nvect_Q7YZD1_NK_4_homeobox_protein","Nematostella vectensis","Cnidaria","Non_Bilateria"
"Pdami","NKL","Pdami_A0A3M6U2I4_Homeobox_domain_containing_protein","Pocillopora damicornis","Cnidaria","Non_Bilateria"
"Spist","NKL","Spist_A0A2B4SK85_Homeobox_protein_Nkx_2_5","Stylophora pistillata","Cnidaria","Non_Bilateria"
"Atene","NKL","Atene_A0A6P8HA32_Homeobox_protein_Nkx_2_5_like","Actinia tenebrosa","Cnidaria","Non_Bilateria"
"Ediap","NKL","Ediap_A0A913X6T7_Homeobox_domain_containing_protein","Exaiptasia diaphana","Cnidaria","Non_Bilateria"
"Chemi","NKL","Chemi_A0A7M5U2D5_Homeobox_domain_containing_protein","Clytia hemisphaerica","Cnidaria","Non_Bilateria"
"Mviru","NKL","Mviru_7233","Morbakka virulenta","Cnidaria","Non_Bilateria"
"Hechi","NKL","Hechi_16302","Hydractinia echinata","Cnidaria","Non_Bilateria"
"Nvect","NKL","Nvect_A7RG46_Homeobox_domain_containing_protein","Nematostella vectensis","Cnidaria","Non_Bilateria"
"Atene","NKL","Atene_A0A6P8ITR4_Homeobox_protein_vent1_like","Actinia tenebrosa","Cnidaria","Non_Bilateria"
"Chemi","NKL","Chemi_A0A7M5XBE3_Homeobox_domain_containing_protein","Clytia hemisphaerica","Cnidaria","Non_Bilateria"
"Nvect","NKL","Nvect_A7SLZ7_Homeobox_domain_containing_protein","Nematostella vectensis","Cnidaria","Non_Bilateria"
"Pdami","NKL","Pdami_A0A3M6UYZ1_Homeobox_domain_containing_protein","Pocillopora damicornis","Cnidaria","Non_Bilateria"
"Spist","NKL","Spist_A0A2B4S6I3_Homeobox_protein_EMX1","Stylophora pistillata","Cnidaria","Non_Bilateria"
"Ediap","NKL","Ediap_A0A913XC05_Homeobox_domain_containing_protein","Exaiptasia diaphana","Cnidaria","Non_Bilateria"
"Atene","NKL","Atene_A0A6P8J6G4_Homeobox_protein_ceh_30_like","Actinia tenebrosa","Cnidaria","Non_Bilateria"
"Hechi","NKL","Hechi_16415","Hydractinia echinata","Cnidaria","Non_Bilateria"
"Nvect","NKL","Nvect_Q0N4G7_NK_like_15_Fragment","Nematostella vectensis","Cnidaria","Non_Bilateria"
"Pdami","NKL","Pdami_A0A3M6UQV9_Homeobox_domain_containing_protein","Pocillopora damicornis","Cnidaria","Non_Bilateria"
"Spist","NKL","Spist_A0A2B4RPJ0_Brain_specific_homeobox_protein_like","Stylophora pistillata","Cnidaria","Non_Bilateria"
"Spist","NKL","Spist_A0A2B4RR36_Homeobox_protein_Nkx_3_2","Stylophora pistillata","Cnidaria","Non_Bilateria"
"Atene","NKL","Atene_A0A6P8HAY1_Homeobox_protein_Nkx_2_5_like","Actinia tenebrosa","Cnidaria","Non_Bilateria"
"Ediap","NKL","Ediap_A0A913WR77_Homeobox_domain_containing_protein","Exaiptasia diaphana","Cnidaria","Non_Bilateria"
"Aauri","NKL","Aauri_14660","Aurelia aurita","Cnidaria","Non_Bilateria"
"Rescu","NKL","Rescu_5832","Rhopilema esculentum","Cnidaria","Non_Bilateria"
"Mviru","NKL","Mviru_15061","Morbakka virulenta","Cnidaria","Non_Bilateria"
"Hmagn","NKL","Hmagn_19425","Hydra magnipapillata","Cnidaria","Non_Bilateria"
"Chemi","NKL","Chemi_B9V2C6_Dll1_distalless_homeodomain_protein","Clytia hemisphaerica","Cnidaria","Non_Bilateria"
"Hechi","NKL","Hechi_6851","Hydractinia echinata","Cnidaria","Non_Bilateria"
"Aauri","NKL","Aauri_14663","Aurelia aurita","Cnidaria","Non_Bilateria"
"Rescu","NKL","Rescu_5831","Rhopilema esculentum","Cnidaria","Non_Bilateria"
"Pdami","NKL","Pdami_A0A3M6UPP5_Homeobox_domain_containing_protein","Pocillopora damicornis","Cnidaria","Non_Bilateria"
"Spist","NKL","Spist_A0A2B4RQI9_Homeobox_protein_MSX_1","Stylophora pistillata","Cnidaria","Non_Bilateria"
"Ediap","NKL","Ediap_A0A913X310_Homeobox_domain_containing_protein","Exaiptasia diaphana","Cnidaria","Non_Bilateria"
"Nvect","NKL","Nvect_A7S2G9_Homeobox_domain_containing_protein","Nematostella vectensis","Cnidaria","Non_Bilateria"
"Nvect","NKL","Nvect_A7SZI0_Homeobox_domain_containing_protein","Nematostella vectensis","Cnidaria","Non_Bilateria"
"Ediap","NKL","Ediap_A0A913X7U0_Homeobox_domain_containing_protein","Exaiptasia diaphana","Cnidaria","Non_Bilateria"
"Atene","NKL","Atene_A0A6P8HZT1_Homeobox_protein_Nkx_6_1_like","Actinia tenebrosa","Cnidaria","Non_Bilateria"
"Pdami","NKL","Pdami_A0A3M6URS1_Homeobox_domain_containing_protein","Pocillopora damicornis","Cnidaria","Non_Bilateria"
"Spist","NKL","Spist_A0A2B4RTN3_Homeobox_protein_Nkx_6_1","Stylophora pistillata","Cnidaria","Non_Bilateria"
"Chemi","NKL","Chemi_A0A7M5X515_Homeobox_domain_containing_protein","Clytia hemisphaerica","Cnidaria","Non_Bilateria"
"Chemi","NKL","Chemi_A0A7M5XA73_Homeobox_domain_containing_protein","Clytia hemisphaerica","Cnidaria","Non_Bilateria"
"Mviru","NKL","Mviru_3738","Morbakka virulenta","Cnidaria","Non_Bilateria"
"Hechi","NKL","Hechi_6049","Hydractinia echinata","Cnidaria","Non_Bilateria"
"Aauri","NKL","Aauri_11108","Aurelia aurita","Cnidaria","Non_Bilateria"
"Rescu","NKL","Rescu_12218","Rhopilema esculentum","Cnidaria","Non_Bilateria"
"Atene","NKL","Atene_A0A6P8JFZ8_Homeobox_protein_DBX2_like","Actinia tenebrosa","Cnidaria","Non_Bilateria"
"Nvect","HOX","Nvect_A7RZT3_Homeobox_domain_containing_protein_Fragment","Nematostella vectensis","Cnidaria","Non_Bilateria"
"Spist","HOX","Spist_A0A2B4SLE9_Retinal_homeobox_protein_Rx2","Stylophora pistillata","Cnidaria","Non_Bilateria"
"Hechi","HOX","Hechi_17924","Hydractinia echinata","Cnidaria","Non_Bilateria"
"Aauri","HOX","Aauri_6942","Aurelia aurita","Cnidaria","Non_Bilateria"
"Pdami","HOX","Pdami_A0A3M6UPX8_Homeobox_domain_containing_protein","Pocillopora damicornis","Cnidaria","Non_Bilateria"
"Spist","HOX","Spist_A0A2B4RQW4_Homeobox_protein_prophet_of_Pit_1","Stylophora pistillata","Cnidaria","Non_Bilateria"
"Atene","HOX","Atene_A0A6P8HK05_Homeobox_protein_CDX_1_like","Actinia tenebrosa","Cnidaria","Non_Bilateria"
"Nvect","HOX","Nvect_A7RSY9_Homeobox_domain_containing_protein_Fragment","Nematostella vectensis","Cnidaria","Non_Bilateria"
"Nvect","HOX","Nvect_A7S0K9_Homeobox_domain_containing_protein_Fragment","Nematostella vectensis","Cnidaria","Non_Bilateria"
"Pdami","HOX","Pdami_A0A3M6ULU2_Homeobox_domain_containing_protein","Pocillopora damicornis","Cnidaria","Non_Bilateria"
"Spist","HOX","Spist_A0A2B4RTC6_DNA_topoisomerase","Stylophora pistillata","Cnidaria","Non_Bilateria"
"Mviru","HOX","Mviru_2444","Morbakka virulenta","Cnidaria","Non_Bilateria"
"Hechi","HOX","Hechi_7061","Hydractinia echinata","Cnidaria","Non_Bilateria"
"Mviru","HOX","Mviru_11830","Morbakka virulenta","Cnidaria","Non_Bilateria"
"Ediap","HOX","Ediap_A0A913X4D6_Homeobox_domain_containing_protein","Exaiptasia diaphana","Cnidaria","Non_Bilateria"
"Atene","HOX","Atene_A0A6P8IE95_Homeobox_protein_Hox_B4_like","Actinia tenebrosa","Cnidaria","Non_Bilateria"
"Pdami","HOX","Pdami_A0A3M6TLR3_Homeobox_domain_containing_protein","Pocillopora damicornis","Cnidaria","Non_Bilateria"
"Aauri","HOX","Aauri_31833","Aurelia aurita","Cnidaria","Non_Bilateria"
"Rescu","HOX","Rescu_9860","Rhopilema esculentum","Cnidaria","Non_Bilateria"
"Mviru","HOX","Mviru_26052","Morbakka virulenta","Cnidaria","Non_Bilateria"
"Chemi","HOX","Chemi_A0A7M5WUD1_Homeobox_domain_containing_protein","Clytia hemisphaerica","Cnidaria","Non_Bilateria"
"Hechi","HOX","Hechi_4878","Hydractinia echinata","Cnidaria","Non_Bilateria"
"Hechi","HOX","Hechi_27335","Hydractinia echinata","Cnidaria","Non_Bilateria"
"Chemi","HOX","Chemi_A0A7M5XGS8_Homeobox_domain_containing_protein","Clytia hemisphaerica","Cnidaria","Non_Bilateria"
"Spist","HOX","Spist_A0A2B4SA69_Nuclear_pore_complex_protein_Nup133","Stylophora pistillata","Cnidaria","Non_Bilateria"
"Spist","HOX","Spist_A0A2B4SWE0_Homeobox_protein_Hox_D1","Stylophora pistillata","Cnidaria","Non_Bilateria"
"Chemi","HOX","Chemi_A0A7M6DRA8_Homeobox_domain_containing_protein","Clytia hemisphaerica","Cnidaria","Non_Bilateria"
"Hechi","HOX","Hechi_7113","Hydractinia echinata","Cnidaria","Non_Bilateria"
"Pdami","HOX","Pdami_A0A3M6TLL5_Homeobox_domain_containing_protein","Pocillopora damicornis","Cnidaria","Non_Bilateria"
"Nvect","HOX","Nvect_A7S222_Homeobox_domain_containing_protein_Fragment","Nematostella vectensis","Cnidaria","Non_Bilateria"
"Ediap","HOX","Ediap_A0A913YC25_Homeobox_domain_containing_protein","Exaiptasia diaphana","Cnidaria","Non_Bilateria"
"Atene","HOX","Atene_A0A6P8IQP8_Homeobox_protein_XHOX_3_like","Actinia tenebrosa","Cnidaria","Non_Bilateria"
"Atene","HOX","Atene_A0A6P8J5A2_Pituitary_homeobox_1_like","Actinia tenebrosa","Cnidaria","Non_Bilateria"
"Pdami","HOX","Pdami_A0A3M6TM71_Homeobox_domain_containing_protein","Pocillopora damicornis","Cnidaria","Non_Bilateria"
"Spist","HOX","Spist_A0A2B4SVZ1_Homeobox_even_skipped_like_protein_1","Stylophora pistillata","Cnidaria","Non_Bilateria"
"Atene","HOX","Atene_A0A6P8HCF1_Homeobox_protein_MSX_2_like","Actinia tenebrosa","Cnidaria","Non_Bilateria"
"Nvect","HOX","Nvect_A7RRU5_Homeobox_domain_containing_protein_Fragment","Nematostella vectensis","Cnidaria","Non_Bilateria"
"Ediap","HOX","Ediap_A0A913Y9X1_Homeobox_domain_containing_protein","Exaiptasia diaphana","Cnidaria","Non_Bilateria"
"Atene","HOX","Atene_A0A6P8HBY4_H2_0_like_homeobox_protein","Actinia tenebrosa","Cnidaria","Non_Bilateria"
"Pdami","HOX","Pdami_A0A3M6TJX6_Homeobox_domain_containing_protein","Pocillopora damicornis","Cnidaria","Non_Bilateria"
"Spist","HOX","Spist_A0A2B4S7Z2_Homeobox_protein_CHOX_7","Stylophora pistillata","Cnidaria","Non_Bilateria"
"Atene","HOX","Atene_A0A6P8HU48_Homeobox_expressed_in_ES_cells_1_like","Actinia tenebrosa","Cnidaria","Non_Bilateria"
"Ediap","HOX","Ediap_A0A913XI29_Homeobox_domain_containing_protein","Exaiptasia diaphana","Cnidaria","Non_Bilateria"
"Nvect","HOX","Nvect_A7RNQ9_Homeobox_domain_containing_protein_Fragment","Nematostella vectensis","Cnidaria","Non_Bilateria"
"Aauri","HOX","Aauri_25396","Aurelia aurita","Cnidaria","Non_Bilateria"
"Rescu","HOX","Rescu_15204","Rhopilema esculentum","Cnidaria","Non_Bilateria"
"Aauri","HOX","Aauri_2446","Aurelia aurita","Cnidaria","Non_Bilateria"
"Chemi","HOX","Chemi_A0A7M5VHB2_Homeobox_domain_containing_protein","Clytia hemisphaerica","Cnidaria","Non_Bilateria"
"Spist","HOX","Spist_A0A2B4SXU9_Homeobox_protein_Hox_B5","Stylophora pistillata","Cnidaria","Non_Bilateria"
"Atene","HOX","Atene_A0A6P8IQQ5_Homeobox_protein_Hox_B5a_like","Actinia tenebrosa","Cnidaria","Non_Bilateria"
"Chemi","HOX","Chemi_A0A7M5XJS3_Homeobox_domain_containing_protein","Clytia hemisphaerica","Cnidaria","Non_Bilateria"
"Atene","HOX","Atene_A0A6P8IK29_Homeobox_protein_unc_4_homolog_isoform_X1","Actinia tenebrosa","Cnidaria","Non_Bilateria"
"Aauri","HOX","Aauri_10610","Aurelia aurita","Cnidaria","Non_Bilateria"
"Rescu","HOX","Rescu_7038","Rhopilema esculentum","Cnidaria","Non_Bilateria"
"Spist","HOX","Spist_A0A2B4SET8_Homeobox_protein_Hox_A5","Stylophora pistillata","Cnidaria","Non_Bilateria"
"Atene","HOX","Atene_A0A6P8HH35_Homeobox_protein_Hox_B4_like_isoform_X1","Actinia tenebrosa","Cnidaria","Non_Bilateria"
"Mviru","HOX","Mviru_7175","Morbakka virulenta","Cnidaria","Non_Bilateria"
"Mviru","HOX","Mviru_23435","Morbakka virulenta","Cnidaria","Non_Bilateria"
"Chemi","HOX","Chemi_A0A7M6DKT6_Homeobox_domain_containing_protein","Clytia hemisphaerica","Cnidaria","Non_Bilateria"
"Hechi","HOX","Hechi_3514","Hydractinia echinata","Cnidaria","Non_Bilateria"
"Aauri","HOX","Aauri_2445","Aurelia aurita","Cnidaria","Non_Bilateria"
"Aauri","HOX","Aauri_12341","Aurelia aurita","Cnidaria","Non_Bilateria"
"Rescu","HOX","Rescu_8940","Rhopilema esculentum","Cnidaria","Non_Bilateria"
"Mviru","HOX","Mviru_23645","Morbakka virulenta","Cnidaria","Non_Bilateria"
"Nvect","HOX","Nvect_A7RS10_Homeobox_domain_containing_protein","Nematostella vectensis","Cnidaria","Non_Bilateria"
"Nvect","HOX","Nvect_A7RGM9_Homeobox_domain_containing_protein","Nematostella vectensis","Cnidaria","Non_Bilateria"
"Pdami","HOX","Pdami_A0A3M6U052_Homeobox_domain_containing_protein","Pocillopora damicornis","Cnidaria","Non_Bilateria"
"Spist","HOX","Spist_A0A2B4SWC6_Homeobox_protein_Hox_A3a","Stylophora pistillata","Cnidaria","Non_Bilateria"
"Ediap","HOX","Ediap_A0A913X3Z1_Homeobox_domain_containing_protein","Exaiptasia diaphana","Cnidaria","Non_Bilateria"
"Atene","HOX","Atene_A0A6P8I6R1_Homeobox_protein_Hox_A5_like","Actinia tenebrosa","Cnidaria","Non_Bilateria"
"Aauri","HOX","Aauri_25593","Aurelia aurita","Cnidaria","Non_Bilateria"
"Rescu","HOX","Rescu_5376","Rhopilema esculentum","Cnidaria","Non_Bilateria"
"Mviru","HOX","Mviru_8715","Morbakka virulenta","Cnidaria","Non_Bilateria"
"Nvect","HOX","Nvect_A7SR26_Homeobox_domain_containing_protein_Fragment","Nematostella vectensis","Cnidaria","Non_Bilateria"
"Atene","HOX","Atene_A0A6P8ICE4_Homeobox_protein_Hox_D8_like","Actinia tenebrosa","Cnidaria","Non_Bilateria"
"Spist","HOX","Spist_A0A2B4SV66_Homeobox_protein_MOX_1","Stylophora pistillata","Cnidaria","Non_Bilateria"
"Pdami","HOX","Pdami_A0A3M6UKA3_Homeobox_domain_containing_protein","Pocillopora damicornis","Cnidaria","Non_Bilateria"
"Spist","HOX","Spist_A0A2B4SVE1_Homeobox_protein_MOX_2","Stylophora pistillata","Cnidaria","Non_Bilateria"
"Aauri","HOX","Aauri_9591","Aurelia aurita","Cnidaria","Non_Bilateria"
"Rescu","HOX","Rescu_15206","Rhopilema esculentum","Cnidaria","Non_Bilateria"
"Nvect","HOX","Nvect_A7RS07_Homeobox_domain_containing_protein_Fragment","Nematostella vectensis","Cnidaria","Non_Bilateria"
"Ediap","HOX","Ediap_A0A913YC87_Homeobox_domain_containing_protein","Exaiptasia diaphana","Cnidaria","Non_Bilateria"
"Ediap","HOX","Ediap_A0A913YC76_Homeobox_domain_containing_protein","Exaiptasia diaphana","Cnidaria","Non_Bilateria"
"Atene","HOX","Atene_A0A6P8IUM0_Homeobox_protein_Hox_D8_like","Actinia tenebrosa","Cnidaria","Non_Bilateria"
"Pdami","HOX","Pdami_A0A3M6TZV3_Homeobox_domain_containing_protein","Pocillopora damicornis","Cnidaria","Non_Bilateria"
"Spist","HOX","Spist_A0A2B4SXU5_Homeobox_protein_Hox_B3a","Stylophora pistillata","Cnidaria","Non_Bilateria"
"Nvect","HOX","Nvect_A7S277_Homeobox_domain_containing_protein","Nematostella vectensis","Cnidaria","Non_Bilateria"
"Pdami","HOX","Pdami_A0A3M6TLW6_Homeobox_domain_containing_protein","Pocillopora damicornis","Cnidaria","Non_Bilateria"
"Spist","HOX","Spist_A0A2B4SWK3_Homeobox_protein_Hox_A3a","Stylophora pistillata","Cnidaria","Non_Bilateria"
"Atene","HOX","Atene_A0A6P8H6E2_Homeobox_protein_ceh_13_like","Actinia tenebrosa","Cnidaria","Non_Bilateria"
"Ediap","HOX","Ediap_A0A913X088_Homeobox_domain_containing_protein","Exaiptasia diaphana","Cnidaria","Non_Bilateria"
"Nvect","HOX","Nvect_A7S274_Homeobox_domain_containing_protein_Fragment","Nematostella vectensis","Cnidaria","Non_Bilateria"
"Pdami","HOX","Pdami_A0A3M6TM10_Homeobox_domain_containing_protein","Pocillopora damicornis","Cnidaria","Non_Bilateria"
"Spist","HOX","Spist_A0A2B4SXD6_Homeobox_protein_Hox_B4","Stylophora pistillata","Cnidaria","Non_Bilateria"
"Ediap","HOX","Ediap_A0A913X4C1_Homeobox_domain_containing_protein","Exaiptasia diaphana","Cnidaria","Non_Bilateria"
"Atene","HOX","Atene_A0A6P8IPC3_Homeobox_protein_Hox_A5_like","Actinia tenebrosa","Cnidaria","Non_Bilateria"
"Atene","HOX","Atene_A0A6P8INX8_Homeobox_protein_Hox_A2_like","Actinia tenebrosa","Cnidaria","Non_Bilateria"
"Nvect","HOX","Nvect_A7S272_Homeobox_domain_containing_protein","Nematostella vectensis","Cnidaria","Non_Bilateria"
"Nvect","HOX","Nvect_A7RRW6_Homeobox_domain_containing_protein_Fragment","Nematostella vectensis","Cnidaria","Non_Bilateria"
"Pdami","HOX","Pdami_A0A3M6TLU5_Homeobox_domain_containing_protein","Pocillopora damicornis","Cnidaria","Non_Bilateria"
"Spist","HOX","Spist_A0A2B4SXG7_Homeobox_protein_Hox_C6","Stylophora pistillata","Cnidaria","Non_Bilateria"
"Pdami","HOX","Pdami_A0A3M6TM18_Homeobox_domain_containing_protein","Pocillopora damicornis","Cnidaria","Non_Bilateria"
"Spist","HOX","Spist_A0A2B4SVN5_Homeobox_protein_Hox_B4","Stylophora pistillata","Cnidaria","Non_Bilateria"
"Atene","HOX","Atene_A0A6P8IPF4_Homeobox_protein_Hox_D3_like","Actinia tenebrosa","Cnidaria","Non_Bilateria"
"Ediap","HOX","Ediap_A0A913X462_Homeobox_domain_containing_protein","Exaiptasia diaphana","Cnidaria","Non_Bilateria"
"Ediap","HOX","Ediap_A0A913WR48_Homeobox_domain_containing_protein","Exaiptasia diaphana","Cnidaria","Non_Bilateria"
"Atene","HOX","Atene_A0A6P8HJC0_Homeobox_protein_Hox_D9a_like","Actinia tenebrosa","Cnidaria","Non_Bilateria"
"Nvect","HOX","Nvect_A7SHE5_Homeobox_domain_containing_protein","Nematostella vectensis","Cnidaria","Non_Bilateria"
"Nvect","HOX","Nvect_A7SCX0_Homeobox_domain_containing_protein_Fragment","Nematostella vectensis","Cnidaria","Non_Bilateria"
"Ediap","HOX","Ediap_A0A913X0J6_Homeobox_domain_containing_protein","Exaiptasia diaphana","Cnidaria","Non_Bilateria"
"Atene","HOX","Atene_A0A6P8IT89_Homeobox_protein_Hox_B4_like","Actinia tenebrosa","Cnidaria","Non_Bilateria"
"Pdami","HOX","Pdami_A0A3M6UQK4_Homeobox_domain_containing_protein","Pocillopora damicornis","Cnidaria","Non_Bilateria"
"Spist","HOX","Spist_A0A2B4S6W0_Homeobox_protein_not2","Stylophora pistillata","Cnidaria","Non_Bilateria"
"Mviru","HOX","Mviru_1716","Morbakka virulenta","Cnidaria","Non_Bilateria"
"Aauri","HOX","Aauri_1855","Aurelia aurita","Cnidaria","Non_Bilateria"
"Rescu","HOX","Rescu_2294","Rhopilema esculentum","Cnidaria","Non_Bilateria"
"Chemi","HOX","Chemi_A0A7M5XGZ0_Homeobox_domain_containing_protein","Clytia hemisphaerica","Cnidaria","Non_Bilateria"
"Nvect","HOX","Nvect_A7S1J1_Homeobox_domain_containing_protein_Fragment","Nematostella vectensis","Cnidaria","Non_Bilateria"
"Atene","HOX","Atene_A0A6P8IBF4_Homeobox_protein_unplugged_like","Actinia tenebrosa","Cnidaria","Non_Bilateria"
"Ediap","HOX","Ediap_A0A913YBV2_Homeobox_domain_containing_protein","Exaiptasia diaphana","Cnidaria","Non_Bilateria"
"Pdami","HOX","Pdami_A0A3M6TM06_Homeobox_domain_containing_protein","Pocillopora damicornis","Cnidaria","Non_Bilateria"
"Spist","HOX","Spist_A0A2B4S8Q6_Homeobox_protein_GBX_1","Stylophora pistillata","Cnidaria","Non_Bilateria"
"Pdami","HOX","Pdami_A0A3M6TXZ4_Homeobox_domain_containing_protein","Pocillopora damicornis","Cnidaria","Non_Bilateria"
"Atene","HOX","Atene_A0A6P8I756_Retinal_homeobox_protein_Rx2_like","Actinia tenebrosa","Cnidaria","Non_Bilateria"
"Atene","ZF","Atene_A0A6P8J1Q3_Retinal_homeobox_protein_Rx1_like","Actinia tenebrosa","Cnidaria","Non_Bilateria"
"Rescu","ZF","Rescu_14037","Rhopilema esculentum","Cnidaria","Non_Bilateria"
"Pdami","ZF","Pdami_A0A3M6UYX2_Homeobox_domain_containing_protein","Pocillopora damicornis","Cnidaria","Non_Bilateria"
"Aauri","SINE","Aauri_24166","Aurelia aurita","Cnidaria","Non_Bilateria"
"Aauri","SINE","Aauri_24167","Aurelia aurita","Cnidaria","Non_Bilateria"
"Rescu","SINE","Rescu_10077","Rhopilema esculentum","Cnidaria","Non_Bilateria"
"Chemi","SINE","Chemi_A0A7M5X654_Homeobox_domain_containing_protein","Clytia hemisphaerica","Cnidaria","Non_Bilateria"
"Hechi","SINE","Hechi_10618","Hydractinia echinata","Cnidaria","Non_Bilateria"
"Spist","SINE","Spist_A0A2B4SRQ9_Homeobox_protein_SIX2","Stylophora pistillata","Cnidaria","Non_Bilateria"
"Nvect","SINE","Nvect_A7S425_Homeobox_domain_containing_protein","Nematostella vectensis","Cnidaria","Non_Bilateria"
"Ediap","SINE","Ediap_A0A913XRS2_Homeobox_domain_containing_protein","Exaiptasia diaphana","Cnidaria","Non_Bilateria"
"Atene","SINE","Atene_A0A6P8JBE0_Homeobox_protein_six1_like","Actinia tenebrosa","Cnidaria","Non_Bilateria"
"Atene","SINE","Atene_A0A6P8H516_Homeobox_protein_six1a_like","Actinia tenebrosa","Cnidaria","Non_Bilateria"
"Aauri","SINE","Aauri_30149","Aurelia aurita","Cnidaria","Non_Bilateria"
"Rescu","SINE","Rescu_9646","Rhopilema esculentum","Cnidaria","Non_Bilateria"
"Mviru","SINE","Mviru_14736","Morbakka virulenta","Cnidaria","Non_Bilateria"
"Mviru","SINE","Mviru_14738","Morbakka virulenta","Cnidaria","Non_Bilateria"
"Hmagn","SINE","Hmagn_28544","Hydra magnipapillata","Cnidaria","Non_Bilateria"
"Hechi","SINE","Hechi_17922","Hydractinia echinata","Cnidaria","Non_Bilateria"
"Chemi","SINE","Chemi_A0A7M5WWR8_Homeobox_domain_containing_protein","Clytia hemisphaerica","Cnidaria","Non_Bilateria"
"Nvect","SINE","Nvect_A7ST96_Homeobox_domain_containing_protein","Nematostella vectensis","Cnidaria","Non_Bilateria"
"Ediap","SINE","Ediap_A0A913Y9T5_Homeobox_domain_containing_protein","Exaiptasia diaphana","Cnidaria","Non_Bilateria"
"Atene","SINE","Atene_A0A6P8H4Z0_Homeobox_protein_SIX6_like","Actinia tenebrosa","Cnidaria","Non_Bilateria"
"Pdami","SINE","Pdami_A0A3M6TZ59_Homeobox_domain_containing_protein","Pocillopora damicornis","Cnidaria","Non_Bilateria"
"Spist","SINE","Spist_A0A2B4S9U6_Homeobox_protein_SIX6","Stylophora pistillata","Cnidaria","Non_Bilateria"
"Aauri","SINE","Aauri_24085","Aurelia aurita","Cnidaria","Non_Bilateria"
"Rescu","SINE","Rescu_14420","Rhopilema esculentum","Cnidaria","Non_Bilateria"
"Mviru","SINE","Mviru_27724","Morbakka virulenta","Cnidaria","Non_Bilateria"
"Hmagn","SINE","Hmagn_2131","Hydra magnipapillata","Cnidaria","Non_Bilateria"
"Hechi","SINE","Hechi_21909","Hydractinia echinata","Cnidaria","Non_Bilateria"
"Chemi","SINE","Chemi_A0A7M5XGK4_Homeobox_domain_containing_protein","Clytia hemisphaerica","Cnidaria","Non_Bilateria"
"Chemi","SINE","Chemi_A0A7M5X2U0_Homeobox_domain_containing_protein","Clytia hemisphaerica","Cnidaria","Non_Bilateria"
"Nvect","SINE","Nvect_A7SZ27_Homeobox_domain_containing_protein","Nematostella vectensis","Cnidaria","Non_Bilateria"
"Nvect","SINE","Nvect_A7SS98_Homeobox_domain_containing_protein_Fragment","Nematostella vectensis","Cnidaria","Non_Bilateria"
"Ediap","SINE","Ediap_A0A913YAQ6_Homeobox_domain_containing_protein","Exaiptasia diaphana","Cnidaria","Non_Bilateria"
"Atene","SINE","Atene_A0A6P8HDG6_Homeobox_protein_SIX1_like","Actinia tenebrosa","Cnidaria","Non_Bilateria"
"Pdami","SINE","Pdami_A0A3M6TZF7_Homeobox_domain_containing_protein","Pocillopora damicornis","Cnidaria","Non_Bilateria"
"Spist","SINE","Spist_A0A2B4S779_Homeobox_protein_SIX4","Stylophora pistillata","Cnidaria","Non_Bilateria"
"Aauri","SINE","Aauri_26321","Aurelia aurita","Cnidaria","Non_Bilateria"
"Mviru","SINE","Mviru_10009","Morbakka virulenta","Cnidaria","Non_Bilateria"
"Chemi","SINE","Chemi_A0A7M5XMS6_Homeobox_protein_SIX1_N_terminal_SD_domain_containing_protein","Clytia hemisphaerica","Cnidaria","Non_Bilateria"
"Hechi","SINE","Hechi_13510","Hydractinia echinata","Cnidaria","Non_Bilateria"
"Nvect","SINE","Nvect_A7S005_Homeobox_domain_containing_protein","Nematostella vectensis","Cnidaria","Non_Bilateria"
"Ediap","SINE","Ediap_A0A913XYF9_Homeobox_domain_containing_protein","Exaiptasia diaphana","Cnidaria","Non_Bilateria"
"Atene","SINE","Atene_A0A6P8IZ16_Homeobox_protein_SIX6_like_isoform_X1","Actinia tenebrosa","Cnidaria","Non_Bilateria"
"Pdami","SINE","Pdami_A0A3M6TZT1_Homeobox_domain_containing_protein","Pocillopora damicornis","Cnidaria","Non_Bilateria"
"Spist","SINE","Spist_A0A2B4S872_Homeobox_protein_six1b","Stylophora pistillata","Cnidaria","Non_Bilateria"
"Aauri","SINE","Aauri_21526","Aurelia aurita","Cnidaria","Non_Bilateria"
"Rescu","SINE","Rescu_9339","Rhopilema esculentum","Cnidaria","Non_Bilateria"
"Mviru","SINE","Mviru_7918","Morbakka virulenta","Cnidaria","Non_Bilateria"
"Chemi","SINE","Chemi_A0A7M5XJX6_Homeobox_domain_containing_protein","Clytia hemisphaerica","Cnidaria","Non_Bilateria"
"Chemi","SINE","Chemi_A0A7M5XND3_Homeobox_domain_containing_protein","Clytia hemisphaerica","Cnidaria","Non_Bilateria"
"Hechi","SINE","Hechi_14019","Hydractinia echinata","Cnidaria","Non_Bilateria"
"Hechi","SINE","Hechi_27695","Hydractinia echinata","Cnidaria","Non_Bilateria"
"Nvect","SINE","Nvect_A7SPN4_Homeobox_domain_containing_protein","Nematostella vectensis","Cnidaria","Non_Bilateria"
"Ediap","SINE","Ediap_A0A913XYF5_Homeobox_domain_containing_protein","Exaiptasia diaphana","Cnidaria","Non_Bilateria"
"Atene","SINE","Atene_A0A6P8J4H6_Homeobox_protein_six1_like","Actinia tenebrosa","Cnidaria","Non_Bilateria"
"Pdami","SINE","Pdami_A0A3M6TZG4_Homeobox_domain_containing_protein","Pocillopora damicornis","Cnidaria","Non_Bilateria"
"Spist","SINE","Spist_A0A2B4S3F1_Homeobox_protein_six1b","Stylophora pistillata","Cnidaria","Non_Bilateria"
"Ediap","HNF","Ediap_A0A913X6I1_Hepatocyte_nuclear_factor_1_alpha","Exaiptasia diaphana","Cnidaria","Non_Bilateria"
"Atene","HNF","Atene_A0A6P8H8F0_Hepatocyte_nuclear_factor_1_alpha_B_like","Actinia tenebrosa","Cnidaria","Non_Bilateria"
"Mviru","HNF","Mviru_19043","Morbakka virulenta","Cnidaria","Non_Bilateria"
"Aauri","CUT","Aauri_19979","Aurelia aurita","Cnidaria","Non_Bilateria"
"Ediap","CUT","Ediap_A0A913XBX2_Homeobox_domain_containing_protein","Exaiptasia diaphana","Cnidaria","Non_Bilateria"
"Atene","CUT","Atene_A0A6P8IY72_Sorting_nexin_lst_4_like","Actinia tenebrosa","Cnidaria","Non_Bilateria"
"Spist","CUT","Spist_A0A2B4S7V0_One_cut_domain_family_member","Stylophora pistillata","Cnidaria","Non_Bilateria"
"Nvect","CUT","Nvect_A7RU16_One_cut_domain_family_member","Nematostella vectensis","Cnidaria","Non_Bilateria"
"Atene","CUT","Atene_A0A6P8IT03_One_cut_domain_family_member","Actinia tenebrosa","Cnidaria","Non_Bilateria"
"Pdami","CUT","Pdami_A0A3M6UE11_One_cut_domain_family_member","Pocillopora damicornis","Cnidaria","Non_Bilateria"
"Spist","CUT","Spist_A0A2B4RVY6_One_cut_domain_family_member","Stylophora pistillata","Cnidaria","Non_Bilateria"
"Chemi","CUT","Chemi_A0A7M6DP88_One_cut_domain_family_member","Clytia hemisphaerica","Cnidaria","Non_Bilateria"
"Ediap","CUT","Ediap_A0A913YR54_Homeobox_domain_containing_protein","Exaiptasia diaphana","Cnidaria","Non_Bilateria"
"Nvect","CUT","Nvect_A7SHT3_One_cut_domain_family_member","Nematostella vectensis","Cnidaria","Non_Bilateria"
"Mviru","CUT","Mviru_25750","Morbakka virulenta","Cnidaria","Non_Bilateria"
"Pbach","LIM","Pbach_27145","Pleurobrachia bachei ","Ctenophora","Non_Bilateria"
"Mleid","LIM","Mleid_10326","Mnemiopsis leidyi","Ctenophora","Non_Bilateria"
"Hcali","LIM","Hcali_17433","Hormiphora californensis","Ctenophora","Non_Bilateria"
"Pbach","LIM","Pbach_19570","Pleurobrachia bachei ","Ctenophora","Non_Bilateria"
"Bmicr","LIM","Bmicr_11024","Bolinopsis microptera","Ctenophora","Non_Bilateria"
"Mleid","LIM","Mleid_6455","Mnemiopsis leidyi","Ctenophora","Non_Bilateria"
"Pbach","LIM","Pbach_18534","Pleurobrachia bachei ","Ctenophora","Non_Bilateria"
"Hcali","LIM","Hcali_2590","Hormiphora californensis","Ctenophora","Non_Bilateria"
"Pbach","LIM","Pbach_21585","Pleurobrachia bachei ","Ctenophora","Non_Bilateria"
"Hcali","LIM","Hcali_2591","Hormiphora californensis","Ctenophora","Non_Bilateria"
"Babys","LIM","Babys_22157","Beroe abyssicola","Ctenophora","Non_Bilateria"
"Bmicr","LIM","Bmicr_9910","Bolinopsis microptera","Ctenophora","Non_Bilateria"
"Mleid","LIM","Mleid_5400","Mnemiopsis leidyi","Ctenophora","Non_Bilateria"
"Hcali","CERS","Hcali_16797","Hormiphora californensis","Ctenophora","Non_Bilateria"
"Pbach","CERS","Pbach_14261","Pleurobrachia bachei ","Ctenophora","Non_Bilateria"
"Pfalc","CERS","Pfalc_32252","Pukia falcata","Ctenophora","Non_Bilateria"
"Pfalc","CERS","Pfalc_32260","Pukia falcata","Ctenophora","Non_Bilateria"
"Pfalc","CERS","Pfalc_32255","Pukia falcata","Ctenophora","Non_Bilateria"
"Pfalc","CERS","Pfalc_32265","Pukia falcata","Ctenophora","Non_Bilateria"
"Pfalc","CERS","Pfalc_32261","Pukia falcata","Ctenophora","Non_Bilateria"
"Pfalc","CERS","Pfalc_32258","Pukia falcata","Ctenophora","Non_Bilateria"
"Pfalc","CERS","Pfalc_32262","Pukia falcata","Ctenophora","Non_Bilateria"
"Babys","CERS","Babys_8614","Beroe abyssicola","Ctenophora","Non_Bilateria"
"Babys","CERS","Babys_8615","Beroe abyssicola","Ctenophora","Non_Bilateria"
"Bmicr","CERS","Bmicr_4968","Bolinopsis microptera","Ctenophora","Non_Bilateria"
"Bmicr","CERS","Bmicr_4969","Bolinopsis microptera","Ctenophora","Non_Bilateria"
"Hcali","POU","Hcali_5009","Hormiphora californensis","Ctenophora","Non_Bilateria"
"Pbach","POU","Pbach_1390","Pleurobrachia bachei ","Ctenophora","Non_Bilateria"
"Mleid","POU","Mleid_13450","Mnemiopsis leidyi","Ctenophora","Non_Bilateria"
"Babys","POU","Babys_11556","Beroe abyssicola","Ctenophora","Non_Bilateria"
"Babys","POU","Babys_11557","Beroe abyssicola","Ctenophora","Non_Bilateria"
"Hcali","POU","Hcali_14194","Hormiphora californensis","Ctenophora","Non_Bilateria"
"Pbach","POU","Pbach_10579","Pleurobrachia bachei ","Ctenophora","Non_Bilateria"
"Pfalc","POU","Pfalc_13548","Pukia falcata","Ctenophora","Non_Bilateria"
"Bmicr","POU","Bmicr_8398","Bolinopsis microptera","Ctenophora","Non_Bilateria"
"Mleid","POU","Mleid_12279","Mnemiopsis leidyi","Ctenophora","Non_Bilateria"
"Hcali","POU","Hcali_5359","Hormiphora californensis","Ctenophora","Non_Bilateria"
"Pfalc","POU","Pfalc_7838","Pukia falcata","Ctenophora","Non_Bilateria"
"Pfalc","POU","Pfalc_7839","Pukia falcata","Ctenophora","Non_Bilateria"
"Babys","POU","Babys_20185","Beroe abyssicola","Ctenophora","Non_Bilateria"
"Mleid","POU","Mleid_6075","Mnemiopsis leidyi","Ctenophora","Non_Bilateria"
"Hcali","SOX","Hcali_10099","Hormiphora californensis","Ctenophora","Non_Bilateria"
"Babys","SOX","Babys_6676","Beroe abyssicola","Ctenophora","Non_Bilateria"
"Babys","SOX","Babys_6678","Beroe abyssicola","Ctenophora","Non_Bilateria"
"Bmicr","SOX","Bmicr_11399","Bolinopsis microptera","Ctenophora","Non_Bilateria"
"Mleid","SOX","Mleid_4900","Mnemiopsis leidyi","Ctenophora","Non_Bilateria"
"Bmicr","SOX","Bmicr_6426","Bolinopsis microptera","Ctenophora","Non_Bilateria"
"Mleid","SOX","Mleid_6544","Mnemiopsis leidyi","Ctenophora","Non_Bilateria"
"Pbach","SOX","Pbach_21045","Pleurobrachia bachei ","Ctenophora","Non_Bilateria"
"Babys","SOX","Babys_20541","Beroe abyssicola","Ctenophora","Non_Bilateria"
"Mleid","SOX","Mleid_4427","Mnemiopsis leidyi","Ctenophora","Non_Bilateria"
"Hcali","SOX","Hcali_3900","Hormiphora californensis","Ctenophora","Non_Bilateria"
"Mleid","SOX","Mleid_2293","Mnemiopsis leidyi","Ctenophora","Non_Bilateria"
"Hcali","SOX","Hcali_8768","Hormiphora californensis","Ctenophora","Non_Bilateria"
"Pfalc","SOX","Pfalc_28571","Pukia falcata","Ctenophora","Non_Bilateria"
"Pfalc","SOX","Pfalc_28572","Pukia falcata","Ctenophora","Non_Bilateria"
"Babys","SOX","Babys_21650","Beroe abyssicola","Ctenophora","Non_Bilateria"
"Bmicr","SOX","Bmicr_4996","Bolinopsis microptera","Ctenophora","Non_Bilateria"
"Mleid","SOX","Mleid_13714","Mnemiopsis leidyi","Ctenophora","Non_Bilateria"
"Hcali","SOX","Hcali_15123","Hormiphora californensis","Ctenophora","Non_Bilateria"
"Pbach","SOX","Pbach_23395","Pleurobrachia bachei ","Ctenophora","Non_Bilateria"
"Bmicr","SOX","Bmicr_8776","Bolinopsis microptera","Ctenophora","Non_Bilateria"
"Mleid","SOX","Mleid_13763","Mnemiopsis leidyi","Ctenophora","Non_Bilateria"
"Babys","SOX","Babys_22259","Beroe abyssicola","Ctenophora","Non_Bilateria"
"Mleid","NKL","Mleid_13543","Mnemiopsis leidyi","Ctenophora","Non_Bilateria"
"Hcali","NKL","Hcali_9891","Hormiphora californensis","Ctenophora","Non_Bilateria"
"Pbach","NKL","Pbach_18356","Pleurobrachia bachei ","Ctenophora","Non_Bilateria"
"Mleid","NKL","Mleid_11120","Mnemiopsis leidyi","Ctenophora","Non_Bilateria"
"Pbach","NKL","Pbach_2671","Pleurobrachia bachei ","Ctenophora","Non_Bilateria"
"Pbach","NKL","Pbach_25022","Pleurobrachia bachei ","Ctenophora","Non_Bilateria"
"Pbach","NKL","Pbach_22880","Pleurobrachia bachei ","Ctenophora","Non_Bilateria"
"Mleid","NKL","Mleid_6188","Mnemiopsis leidyi","Ctenophora","Non_Bilateria"
"Hcali","NKL","Hcali_11000","Hormiphora californensis","Ctenophora","Non_Bilateria"
"Pbach","NKL","Pbach_32102","Pleurobrachia bachei ","Ctenophora","Non_Bilateria"
"Pfalc","NKL","Pfalc_14886","Pukia falcata","Ctenophora","Non_Bilateria"
"Bmicr","NKL","Bmicr_7935","Bolinopsis microptera","Ctenophora","Non_Bilateria"
"Mleid","NKL","Mleid_9909","Mnemiopsis leidyi","Ctenophora","Non_Bilateria"
"Pbach","NKL","Pbach_17316","Pleurobrachia bachei ","Ctenophora","Non_Bilateria"
"Pbach","NKL","Pbach_25575","Pleurobrachia bachei ","Ctenophora","Non_Bilateria"
"Pfalc","NKL","Pfalc_12512","Pukia falcata","Ctenophora","Non_Bilateria"
"Bmicr","NKL","Bmicr_8842","Bolinopsis microptera","Ctenophora","Non_Bilateria"
"Mleid","NKL","Mleid_12770","Mnemiopsis leidyi","Ctenophora","Non_Bilateria"
"Babys","NKL","Babys_19949","Beroe abyssicola","Ctenophora","Non_Bilateria"
"Pfalc","NKL","Pfalc_46646","Pukia falcata","Ctenophora","Non_Bilateria"
"Mleid","NKL","Mleid_16149","Mnemiopsis leidyi","Ctenophora","Non_Bilateria"
"Pbach","NKL","Pbach_708","Pleurobrachia bachei ","Ctenophora","Non_Bilateria"
"Pbach","NKL","Pbach_20286","Pleurobrachia bachei ","Ctenophora","Non_Bilateria"
"Pbach","NKL","Pbach_21669","Pleurobrachia bachei ","Ctenophora","Non_Bilateria"
"Pbach","NKL","Pbach_10793","Pleurobrachia bachei ","Ctenophora","Non_Bilateria"
"Hcali","NKL","Hcali_7624","Hormiphora californensis","Ctenophora","Non_Bilateria"
"Pbach","NKL","Pbach_1205","Pleurobrachia bachei ","Ctenophora","Non_Bilateria"
"Pfalc","NKL","Pfalc_8218","Pukia falcata","Ctenophora","Non_Bilateria"
"Mleid","NKL","Mleid_2347","Mnemiopsis leidyi","Ctenophora","Non_Bilateria"
"Pbach","NKL","Pbach_13527","Pleurobrachia bachei ","Ctenophora","Non_Bilateria"
"Pbach","NKL","Pbach_19278","Pleurobrachia bachei ","Ctenophora","Non_Bilateria"
"Hcali","NKL","Hcali_12578","Hormiphora californensis","Ctenophora","Non_Bilateria"
"Pbach","NKL","Pbach_315","Pleurobrachia bachei ","Ctenophora","Non_Bilateria"
"Babys","NKL","Babys_19655","Beroe abyssicola","Ctenophora","Non_Bilateria"
"Babys","HOX","Babys_16839","Beroe abyssicola","Ctenophora","Non_Bilateria"
"Mleid","HOX","Mleid_1854","Mnemiopsis leidyi","Ctenophora","Non_Bilateria"
"Bmicr","HOX","Bmicr_3957","Bolinopsis microptera","Ctenophora","Non_Bilateria"
"Mleid","HOX","Mleid_9363","Mnemiopsis leidyi","Ctenophora","Non_Bilateria"
"Pbach","HOX","Pbach_15879","Pleurobrachia bachei ","Ctenophora","Non_Bilateria"
"Pbach","HOX","Pbach_21614","Pleurobrachia bachei ","Ctenophora","Non_Bilateria"
"Mleid","HOX","Mleid_2735","Mnemiopsis leidyi","Ctenophora","Non_Bilateria"
"Mleid","HOX","Mleid_8992","Mnemiopsis leidyi","Ctenophora","Non_Bilateria"
"Hcali","ZF","Hcali_12114","Hormiphora californensis","Ctenophora","Non_Bilateria"
"Pfalc","ZF","Pfalc_18181","Pukia falcata","Ctenophora","Non_Bilateria"
"Pfalc","ZF","Pfalc_18184","Pukia falcata","Ctenophora","Non_Bilateria"
"Pfalc","ZF","Pfalc_18185","Pukia falcata","Ctenophora","Non_Bilateria"
"Pfalc","ZF","Pfalc_18188","Pukia falcata","Ctenophora","Non_Bilateria"
"Bmicr","ZF","Bmicr_5202","Bolinopsis microptera","Ctenophora","Non_Bilateria"
"Mleid","ZF","Mleid_15203","Mnemiopsis leidyi","Ctenophora","Non_Bilateria"
"Hcali","SINE","Hcali_14448","Hormiphora californensis","Ctenophora","Non_Bilateria"
"Pfalc","SINE","Pfalc_39114","Pukia falcata","Ctenophora","Non_Bilateria"
"Babys","SINE","Babys_20371","Beroe abyssicola","Ctenophora","Non_Bilateria"
"Mleid","SINE","Mleid_12282","Mnemiopsis leidyi","Ctenophora","Non_Bilateria"
"Hcali","SINE","Hcali_15812","Hormiphora californensis","Ctenophora","Non_Bilateria"
"Pbach","SINE","Pbach_20882","Pleurobrachia bachei ","Ctenophora","Non_Bilateria"
"Pbach","SINE","Pbach_16492","Pleurobrachia bachei ","Ctenophora","Non_Bilateria"
"Mleid","SINE","Mleid_2225","Mnemiopsis leidyi","Ctenophora","Non_Bilateria"
"Mleid","SINE","Mleid_13743","Mnemiopsis leidyi","Ctenophora","Non_Bilateria"
"Babys","SINE","Babys_19373","Beroe abyssicola","Ctenophora","Non_Bilateria"
"Mleid","SINE","Mleid_2333","Mnemiopsis leidyi","Ctenophora","Non_Bilateria"
"Hcali","SINE","Hcali_4725","Hormiphora californensis","Ctenophora","Non_Bilateria"
"Pbach","SINE","Pbach_29742","Pleurobrachia bachei ","Ctenophora","Non_Bilateria"
"Bmicr","SINE","Bmicr_15000","Bolinopsis microptera","Ctenophora","Non_Bilateria"
"Mleid","SINE","Mleid_11887","Mnemiopsis leidyi","Ctenophora","Non_Bilateria"
"Pbach","SINE","Pbach_2669","Pleurobrachia bachei ","Ctenophora","Non_Bilateria"
"Pfalc","SINE","Pfalc_6898","Pukia falcata","Ctenophora","Non_Bilateria"
"Pfalc","SINE","Pfalc_6900","Pukia falcata","Ctenophora","Non_Bilateria"
"Pfalc","SINE","Pfalc_6899","Pukia falcata","Ctenophora","Non_Bilateria"
"Mleid","SINE","Mleid_14360","Mnemiopsis leidyi","Ctenophora","Non_Bilateria"
"Pbach","SINE","Pbach_18062","Pleurobrachia bachei ","Ctenophora","Non_Bilateria"
"Pfalc","SINE","Pfalc_486","Pukia falcata","Ctenophora","Non_Bilateria"
"Pbach","SINE","Pbach_24461","Pleurobrachia bachei ","Ctenophora","Non_Bilateria"
"Mleid","SINE","Mleid_1650","Mnemiopsis leidyi","Ctenophora","Non_Bilateria"
"Pbach","SINE","Pbach_22596","Pleurobrachia bachei ","Ctenophora","Non_Bilateria"
"Pbach","SINE","Pbach_12447","Pleurobrachia bachei ","Ctenophora","Non_Bilateria"
"Pbach","SINE","Pbach_18246","Pleurobrachia bachei ","Ctenophora","Non_Bilateria"
"Pbach","SINE","Pbach_19813","Pleurobrachia bachei ","Ctenophora","Non_Bilateria"
"Mleid","SINE","Mleid_5562","Mnemiopsis leidyi","Ctenophora","Non_Bilateria"
"Hcali","SINE","Hcali_14508","Hormiphora californensis","Ctenophora","Non_Bilateria"
"Hcali","SINE","Hcali_14509","Hormiphora californensis","Ctenophora","Non_Bilateria"
"Pbach","SINE","Pbach_13836","Pleurobrachia bachei ","Ctenophora","Non_Bilateria"
"Babys","SINE","Babys_21159","Beroe abyssicola","Ctenophora","Non_Bilateria"
"Bmicr","SINE","Bmicr_8934","Bolinopsis microptera","Ctenophora","Non_Bilateria"
"Bmicr","SINE","Bmicr_8936","Bolinopsis microptera","Ctenophora","Non_Bilateria"
"Bmicr","SINE","Bmicr_8935","Bolinopsis microptera","Ctenophora","Non_Bilateria"
"Mleid","SINE","Mleid_7692","Mnemiopsis leidyi","Ctenophora","Non_Bilateria"
"Bmicr","SINE","Bmicr_11026","Bolinopsis microptera","Ctenophora","Non_Bilateria"
"Mleid","SINE","Mleid_12284","Mnemiopsis leidyi","Ctenophora","Non_Bilateria"
"Hcali","SINE","Hcali_14964","Hormiphora californensis","Ctenophora","Non_Bilateria"
"Pbach","SINE","Pbach_4783","Pleurobrachia bachei ","Ctenophora","Non_Bilateria"
"Mleid","SINE","Mleid_1897","Mnemiopsis leidyi","Ctenophora","Non_Bilateria"
"Hcali","SINE","Hcali_16450","Hormiphora californensis","Ctenophora","Non_Bilateria"
"Hcali","SINE","Hcali_16452","Hormiphora californensis","Ctenophora","Non_Bilateria"
"Hcali","SINE","Hcali_16453","Hormiphora californensis","Ctenophora","Non_Bilateria"
"Babys","SINE","Babys_11108","Beroe abyssicola","Ctenophora","Non_Bilateria"
"Babys","SINE","Babys_11111","Beroe abyssicola","Ctenophora","Non_Bilateria"
"Babys","SINE","Babys_11109","Beroe abyssicola","Ctenophora","Non_Bilateria"
"Babys","SINE","Babys_11112","Beroe abyssicola","Ctenophora","Non_Bilateria"
"Babys","SINE","Babys_11113","Beroe abyssicola","Ctenophora","Non_Bilateria"
"Babys","SINE","Babys_11110","Beroe abyssicola","Ctenophora","Non_Bilateria"
"Bmicr","SINE","Bmicr_8481","Bolinopsis microptera","Ctenophora","Non_Bilateria"
"Mleid","SINE","Mleid_6215","Mnemiopsis leidyi","Ctenophora","Non_Bilateria"
"Pbach","SINE","Pbach_24681","Pleurobrachia bachei ","Ctenophora","Non_Bilateria"
"Pbach","SINE","Pbach_24682","Pleurobrachia bachei ","Ctenophora","Non_Bilateria"
"Pbach","SINE","Pbach_24683","Pleurobrachia bachei ","Ctenophora","Non_Bilateria"
"Mleid","SINE","Mleid_7450","Mnemiopsis leidyi","Ctenophora","Non_Bilateria"
"Pbach","SINE","Pbach_23632","Pleurobrachia bachei ","Ctenophora","Non_Bilateria"
"Babys","SINE","Babys_8345","Beroe abyssicola","Ctenophora","Non_Bilateria"
"Mleid","SINE","Mleid_13560","Mnemiopsis leidyi","Ctenophora","Non_Bilateria"
"Pbach","CUT","Pbach_17745","Pleurobrachia bachei ","Ctenophora","Non_Bilateria"
"Pfalc","CUT","Pfalc_40294","Pukia falcata","Ctenophora","Non_Bilateria"
"Bmicr","CUT","Bmicr_15109","Bolinopsis microptera","Ctenophora","Non_Bilateria"
"Hhong","LIM","Hhong_9819","Hoilungia hongkongensis","Placozoa","Non_Bilateria"
"Tadha","LIM","Tadha_B3S6L5_Uncharacterized_protein","Trichoplax adhaerens","Placozoa","Non_Bilateria"
"Trich","LIM","Trich_A0A369S1H0_LIM_homeobox_protein_Lhx3","Trichoplax sp.","Placozoa","Non_Bilateria"
"Tadha","LIM","Tadha_B3RNV9_Uncharacterized_protein","Trichoplax adhaerens","Placozoa","Non_Bilateria"
"Trich","LIM","Trich_A0A369RYY2_LIM_homeobox_transcription_factor_1_beta","Trichoplax sp.","Placozoa","Non_Bilateria"
"Hhong","LIM","Hhong_5584","Hoilungia hongkongensis","Placozoa","Non_Bilateria"
"Trich","LIM","Trich_A0A369SEX4_LIM_homeobox_protein_Lhx9","Trichoplax sp.","Placozoa","Non_Bilateria"
"Tadha","LIM","Tadha_B3RP90_Uncharacterized_protein_Fragment","Trichoplax adhaerens","Placozoa","Non_Bilateria"
"Hhong","LIM","Hhong_4096","Hoilungia hongkongensis","Placozoa","Non_Bilateria"
"Trich","LIM","Trich_A0A369SE54_Insulin_gene_enhancer_protein_ISL_1","Trichoplax sp.","Placozoa","Non_Bilateria"
"Tadha","LIM","Tadha_B3S8C8_Uncharacterized_protein","Trichoplax adhaerens","Placozoa","Non_Bilateria"
"Hhong","POU","Hhong_4509","Hoilungia hongkongensis","Placozoa","Non_Bilateria"
"Trich","POU","Trich_A0A369SJX6_POU_domain_protein","Trichoplax sp.","Placozoa","Non_Bilateria"
"Tadha","POU","Tadha_B3RXT8_Class_IV_POU_transcription_factor_gene_brn_3c_product_Fragment","Trichoplax adhaerens","Placozoa","Non_Bilateria"
"Hhong","POU","Hhong_6176","Hoilungia hongkongensis","Placozoa","Non_Bilateria"
"Trich","POU","Trich_A0A369SHG5_POU_domain_protein","Trichoplax sp.","Placozoa","Non_Bilateria"
"Tadha","POU","Tadha_B3RYD0_POU_domain_protein_Fragment","Trichoplax adhaerens","Placozoa","Non_Bilateria"
"Hhong","SOX","Hhong_8969","Hoilungia hongkongensis","Placozoa","Non_Bilateria"
"Trich","SOX","Trich_A0A369RX36_Transcription_factor_SOX_14","Trichoplax sp.","Placozoa","Non_Bilateria"
"Tadha","SOX","Tadha_B3RIY2_HMG_box_domain_containing_protein","Trichoplax adhaerens","Placozoa","Non_Bilateria"
"Hhong","SOX","Hhong_8568","Hoilungia hongkongensis","Placozoa","Non_Bilateria"
"Tadha","SOX","Tadha_B3SD22_HMG_box_domain_containing_protein_Fragment","Trichoplax adhaerens","Placozoa","Non_Bilateria"
"Hhong","SOX","Hhong_5501","Hoilungia hongkongensis","Placozoa","Non_Bilateria"
"Trich","SOX","Trich_A0A369SJ74_Transcription_factor_SOX_2","Trichoplax sp.","Placozoa","Non_Bilateria"
"Tadha","SOX","Tadha_B3RUC4_HMG_box_domain_containing_protein_Fragment","Trichoplax adhaerens","Placozoa","Non_Bilateria"
"Hhong","SOX","Hhong_8170","Hoilungia hongkongensis","Placozoa","Non_Bilateria"
"Trich","SOX","Trich_A0A369RRN9_Transcription_factor_Sox_9","Trichoplax sp.","Placozoa","Non_Bilateria"
"Tadha","SOX","Tadha_B3RMX4_HMG_box_domain_containing_protein_Fragment","Trichoplax adhaerens","Placozoa","Non_Bilateria"
"Hhong","SOX","Hhong_255","Hoilungia hongkongensis","Placozoa","Non_Bilateria"
"Trich","SOX","Trich_A0A369S472_Transcription_factor_SOX_4","Trichoplax sp.","Placozoa","Non_Bilateria"
"Tadha","SOX","Tadha_B3S2C6_HMG_box_domain_containing_protein","Trichoplax adhaerens","Placozoa","Non_Bilateria"
"Tadha","NKL","Tadha_B3RKR6_Homeobox_domain_containing_protein_Fragment","Trichoplax adhaerens","Placozoa","Non_Bilateria"
"Hhong","NKL","Hhong_7538","Hoilungia hongkongensis","Placozoa","Non_Bilateria"
"Trich","NKL","Trich_A0A369S9D8_Homeobox_protein_Nkx_6_2","Trichoplax sp.","Placozoa","Non_Bilateria"
"Tadha","NKL","Tadha_B3S8U5_Homeobox_domain_containing_protein","Trichoplax adhaerens","Placozoa","Non_Bilateria"
"Trich","NKL","Trich_A0A369RPR5_Homeotic_protein_empty_spiracles_like_protein","Trichoplax sp.","Placozoa","Non_Bilateria"
"Hhong","NKL","Hhong_7657","Hoilungia hongkongensis","Placozoa","Non_Bilateria"
"Trich","NKL","Trich_A0A369SCP1_Homeobox_protein_Nkx_2_2","Trichoplax sp.","Placozoa","Non_Bilateria"
"Tadha","NKL","Tadha_B3RKR5_Homeobox_domain_containing_protein_Fragment","Trichoplax adhaerens","Placozoa","Non_Bilateria"
"Hhong","NKL","Hhong_7535","Hoilungia hongkongensis","Placozoa","Non_Bilateria"
"Trich","NKL","Trich_A0A369S9C6_Hematopoietically_expressed_homeobox_protein_HHEX_like_protein","Trichoplax sp.","Placozoa","Non_Bilateria"
"Tadha","NKL","Tadha_B3S8U8_Hex_Fragment","Trichoplax adhaerens","Placozoa","Non_Bilateria"
"Trich","NKL","Trich_A0A369SCU4_Homeobox_protein_Nkx_2_2a","Trichoplax sp.","Placozoa","Non_Bilateria"
"Tadha","NKL","Tadha_B3RUB8_Arx1_Fragment","Trichoplax adhaerens","Placozoa","Non_Bilateria"
"Hhong","NKL","Hhong_7536","Hoilungia hongkongensis","Placozoa","Non_Bilateria"
"Trich","NKL","Trich_A0A369SAK2_Homeobox_protein_HMX3","Trichoplax sp.","Placozoa","Non_Bilateria"
"Tadha","NKL","Tadha_Q27W42_ANTP_homeobox_protein","Trichoplax adhaerens","Placozoa","Non_Bilateria"
"Hhong","NKL","Hhong_9306","Hoilungia hongkongensis","Placozoa","Non_Bilateria"
"Trich","NKL","Trich_A0A369S1N1_Homeobox_protein_DLL_1","Trichoplax sp.","Placozoa","Non_Bilateria"
"Tadha","NKL","Tadha_B3SCK2_Homeobox_domain_containing_protein","Trichoplax adhaerens","Placozoa","Non_Bilateria"
"Tadha","NKL","Tadha_B3SAY6_Not_homeobox_transcription_factor","Trichoplax adhaerens","Placozoa","Non_Bilateria"
"Hhong","NKL","Hhong_9016","Hoilungia hongkongensis","Placozoa","Non_Bilateria"
"Trich","NKL","Trich_A0A369S8L0_Homeobox_protein_DBX1_B","Trichoplax sp.","Placozoa","Non_Bilateria"
"Tadha","NKL","Tadha_B3RJN6_Homeobox_domain_containing_protein_Fragment","Trichoplax adhaerens","Placozoa","Non_Bilateria"
"Hhong","HOX","Hhong_11320","Hoilungia hongkongensis","Placozoa","Non_Bilateria"
"Trich","HOX","Trich_A0A369RWX0_Homeobox_protein_Hox_B3","Trichoplax sp.","Placozoa","Non_Bilateria"
"Tadha","HOX","Tadha_B3SD77_Trox_2_homeobox_transcription_factor","Trichoplax adhaerens","Placozoa","Non_Bilateria"
"Tadha","HOX","Tadha_B3RKR1_Gsc_Fragment","Trichoplax adhaerens","Placozoa","Non_Bilateria"
"Hhong","HOX","Hhong_9560","Hoilungia hongkongensis","Placozoa","Non_Bilateria"
"Trich","HOX","Trich_A0A369RT54_Motor_neuron_and_pancreas_homeobox_protein_1","Trichoplax sp.","Placozoa","Non_Bilateria"
"Tadha","HOX","Tadha_B3S8Q4_ANTP_homeobox_protein","Trichoplax adhaerens","Placozoa","Non_Bilateria"
"Hhong","SINE","Hhong_11697","Hoilungia hongkongensis","Placozoa","Non_Bilateria"
"Trich","SINE","Trich_A0A369SAT1_Homeobox_protein_six1a","Trichoplax sp.","Placozoa","Non_Bilateria"
"Tadha","SINE","Tadha_B3SAU8_Homeobox_domain_containing_protein_Fragment","Trichoplax adhaerens","Placozoa","Non_Bilateria"
"Trich","SINE","Trich_A0A369S9E1_Homeobox_protein_SIX3","Trichoplax sp.","Placozoa","Non_Bilateria"
"Tadha","SINE","Tadha_B3SAU7_Homeobox_domain_containing_protein","Trichoplax adhaerens","Placozoa","Non_Bilateria"
"Hhong","HNF","Hhong_2780","Hoilungia hongkongensis","Placozoa","Non_Bilateria"
"Trich","HNF","Trich_A0A369S2F6_Hepatocyte_nuclear_factor_1_alpha","Trichoplax sp.","Placozoa","Non_Bilateria"
"Tadha","HNF","Tadha_B3S4F1_Uncharacterized_protein","Trichoplax adhaerens","Placozoa","Non_Bilateria"
"Emuel","LIM","Emuel_16860","Ephydatia muelleri","Porifera","Non_Bilateria"
"Emuel","LIM","Emuel_22926","Ephydatia muelleri","Porifera","Non_Bilateria"
"Slacu","LIM","Slacu_34114","Spongilla lacustris","Porifera","Non_Bilateria"
"Pfici","LIM","Pfici_30285","Petrosia ficiformis","Porifera","Non_Bilateria"
"Aquee","LIM","Aquee_A0A1X7ULH0_Uncharacterized_protein","Amphimedon queenslandica","Porifera","Non_Bilateria"
"Creni","LIM","Creni_53581","Chondrosia reniformis","Porifera","Non_Bilateria"
"Lcomp","LIM","Lcomp_lcgid3348_LIM_homeobox_protein_Lhx5_Homeobox_protein_LIM_2_gt_LIM_homeobox_protein_Lhx5","Leucosolenia complicata","Porifera","Non_Bilateria"
"Lcomp","LIM","Lcomp_lcgid3348_LIM_homeobox_protein_Lhx5_Homeobox_protein_LIM_2_gt_LIM_homeobox_protein_Lhx5_2","Leucosolenia complicata","Porifera","Non_Bilateria"
"Lcomp","LIM","Lcomp_lcgid3348_LIM_homeobox_protein_Lhx1_Homeobox_protein_Lim_1_LIM_homeobox_protein_Lhx1_Homeobox_protein_Lim_1_gt_LIM_homeobox_protein_Lhx1_Homeobox_protein_LMX_2_Homeobox_protein_Lim_1","Leucosolenia complicata","Porifera","Non_Bilateria"
"Scili","LIM","Scili_scgid2700_LIM_homeobox_protein_Lhx1_Homeobox_protein_Lim_1","Sycon ciliatum","Porifera","Non_Bilateria"
"Scili","LIM","Scili_scgid2700_LIM_homeobox_protein_Lhx1_Homeobox_protein_Lim_1_2","Sycon ciliatum","Porifera","Non_Bilateria"
"Scili","LIM","Scili_scgid2700_LIM_homeobox_protein_Lhx1_Homeobox_protein_Lim_1_3","Sycon ciliatum","Porifera","Non_Bilateria"
"Scili","LIM","Scili_scgid2700_LIM_homeobox_protein_Lhx1_Homeobox_protein_Lim_1_4","Sycon ciliatum","Porifera","Non_Bilateria"
"Lcomp","LIM","Lcomp_lcgid58599_LIM_homeobox_protein_Lhx5_Homeobox_protein_LIM_2_gt_LIM_homeobox_protein_Lhx5","Leucosolenia complicata","Porifera","Non_Bilateria"
"Scili","LIM","Scili_scgid3932_LIM_homeobox_protein_Lhx5_Homeobox_protein_LIM_5_xLIM_2A","Sycon ciliatum","Porifera","Non_Bilateria"
"Scili","LIM","Scili_scgid3932_LIM_homeobox_protein_Lhx5_Homeobox_protein_LIM_2_gt_LIM_homeobox_protein_Lhx5","Sycon ciliatum","Porifera","Non_Bilateria"
"Lcomp","LIM","Lcomp_lcgid1193_LIM_homeobox_protein_Lhx1_Homeobox_protein_Lim_1","Leucosolenia complicata","Porifera","Non_Bilateria"
"Lcomp","LIM","Lcomp_lcgid1193_LIM_homeobox_protein_Lhx1_Homeobox_protein_Lim_1_2","Leucosolenia complicata","Porifera","Non_Bilateria"
"Scili","LIM","Scili_scgid1101_LIM_homeobox_protein_Lhx9_2","Sycon ciliatum","Porifera","Non_Bilateria"
"Scili","LIM","Scili_scgid1101_LIM_homeobox_protein_Lhx9_3","Sycon ciliatum","Porifera","Non_Bilateria"
"Emuel","LIM","Emuel_24022","Ephydatia muelleri","Porifera","Non_Bilateria"
"Slacu","LIM","Slacu_1605","Spongilla lacustris","Porifera","Non_Bilateria"
"Slacu","LIM","Slacu_1606","Spongilla lacustris","Porifera","Non_Bilateria"
"Twilh","LIM","Twilh_9384","Tethya wilhelma","Porifera","Non_Bilateria"
"Pfici","LIM","Pfici_56810","Petrosia ficiformis","Porifera","Non_Bilateria"
"Creni","LIM","Creni_26606","Chondrosia reniformis","Porifera","Non_Bilateria"
"Avast","LIM","Avast_32316","Aphrocallistes vastus","Porifera","Non_Bilateria"
"Ominu","LIM","Ominu_LIM_homeobox_Lhx_transcription_factor","Oopsacas minuta","Porifera","Non_Bilateria"
"Lcomp","LIM","Lcomp_lcgid6216_Insulin_gene_enhancer_protein_ISL_2","Leucosolenia complicata","Porifera","Non_Bilateria"
"Lcomp","LIM","Lcomp_lcgid6216_Insulin_gene_enhancer_protein_ISL_2_2","Leucosolenia complicata","Porifera","Non_Bilateria"
"Scili","LIM","Scili_scgid2454_LIM_homeobox_protein_Lhx1_Homeobox_protein_Lim_1","Sycon ciliatum","Porifera","Non_Bilateria"
"Lcomp","LIM","Lcomp_lcgid5222_LIM_homeobox_protein_Lhx2","Leucosolenia complicata","Porifera","Non_Bilateria"
"Scili","LIM","Scili_scgid2068_LIM_homeobox_protein_Awh_Protein_arrowhead","Sycon ciliatum","Porifera","Non_Bilateria"
"Scili","LIM","Scili_scgid2068_LIM_homeobox_protein_Lhx9","Sycon ciliatum","Porifera","Non_Bilateria"
"Scili","LIM","Scili_scgid2068_LIM_homeobox_protein_Lhx2","Sycon ciliatum","Porifera","Non_Bilateria"
"Scili","LIM","Scili_scgid12300_LIM_homeobox_protein_Awh_Protein_arrowhead","Sycon ciliatum","Porifera","Non_Bilateria"
"Creni","LIM","Creni_51193","Chondrosia reniformis","Porifera","Non_Bilateria"
"Creni","LIM","Creni_51197","Chondrosia reniformis","Porifera","Non_Bilateria"
"Ominu","LIM","Ominu_Islet_Isl_LIM_Homeobox_containing_transcription_factor","Oopsacas minuta","Porifera","Non_Bilateria"
"Pfici","LIM","Pfici_16484","Petrosia ficiformis","Porifera","Non_Bilateria"
"Aquee","LIM","Aquee_A0A1X7VWT0_Uncharacterized_protein","Amphimedon queenslandica","Porifera","Non_Bilateria"
"Slacu","LIM","Slacu_5874","Spongilla lacustris","Porifera","Non_Bilateria"
"Twilh","CERS","Twilh_30887","Tethya wilhelma","Porifera","Non_Bilateria"
"Twilh","CERS","Twilh_30888","Tethya wilhelma","Porifera","Non_Bilateria"
"Lcomp","CERS","Lcomp_lcgid66521_Ceramide_synthase_4_LAG1_longevity_assurance_homolog_4","Leucosolenia complicata","Porifera","Non_Bilateria"
"Scili","CERS","Scili_scgid4181_Ceramide_synthase_5_LAG1_longevity_assurance_homolog_5_Translocating_chain_associating_membrane_protein_homolog_4","Sycon ciliatum","Porifera","Non_Bilateria"
"Lcomp","CERS","Lcomp_lcgid78994_Ceramide_synthase_4_LAG1_longevity_assurance_homolog_4_Translocating_chain_associating_membrane_protein_homolog_1","Leucosolenia complicata","Porifera","Non_Bilateria"
"Scili","CERS","Scili_scgid21886_Ceramide_synthase_5_LAG1_longevity_assurance_homolog_5_Translocating_chain_associating_membrane_protein_homolog_4","Sycon ciliatum","Porifera","Non_Bilateria"
"Scili","CERS","Scili_scgid13134_Ceramide_synthase_6_LAG1_longevity_assurance_homolog_6","Sycon ciliatum","Porifera","Non_Bilateria"
"Scili","CERS","Scili_scgid28022_Ceramide_synthase_6_LAG1_longevity_assurance_homolog_6","Sycon ciliatum","Porifera","Non_Bilateria"
"Emuel","POU","Emuel_20077","Ephydatia muelleri","Porifera","Non_Bilateria"
"Slacu","POU","Slacu_30350","Spongilla lacustris","Porifera","Non_Bilateria"
"Twilh","POU","Twilh_4665","Tethya wilhelma","Porifera","Non_Bilateria"
"Pfici","POU","Pfici_36963","Petrosia ficiformis","Porifera","Non_Bilateria"
"Aquee","POU","Aquee_A0A1X7VDQ6_POU_domain_protein","Amphimedon queenslandica","Porifera","Non_Bilateria"
"Creni","POU","Creni_11561","Chondrosia reniformis","Porifera","Non_Bilateria"
"Scili","POU","Scili_scgid15855_POU_domain_class_6_transcription_factor_1_Brain_specific_homeobox_POU_domain_protein_5","Sycon ciliatum","Porifera","Non_Bilateria"
"Scili","POU","Scili_scgid24800","Sycon ciliatum","Porifera","Non_Bilateria"
"Lcomp","POU","Lcomp_lcgid45260_Pituitary_specific_positive_transcription_factor_1_Growth_hormone_factor_1","Leucosolenia complicata","Porifera","Non_Bilateria"
"Emuel","POU","Emuel_31978","Ephydatia muelleri","Porifera","Non_Bilateria"
"Slacu","POU","Slacu_521","Spongilla lacustris","Porifera","Non_Bilateria"
"Twilh","POU","Twilh_13346","Tethya wilhelma","Porifera","Non_Bilateria"
"Pfici","POU","Pfici_20810","Petrosia ficiformis","Porifera","Non_Bilateria"
"Creni","POU","Creni_976","Chondrosia reniformis","Porifera","Non_Bilateria"
"Twilh","POU","Twilh_15206","Tethya wilhelma","Porifera","Non_Bilateria"
"Avast","POU","Avast_7530","Aphrocallistes vastus","Porifera","Non_Bilateria"
"Avast","POU","Avast_7644","Aphrocallistes vastus","Porifera","Non_Bilateria"
"Ominu","POU","Ominu_POU_Pit_Oct_Unc_transcription_factor_3","Oopsacas minuta","Porifera","Non_Bilateria"
"Avast","POU","Avast_108","Aphrocallistes vastus","Porifera","Non_Bilateria"
"Ominu","POU","Ominu_POU_Pit_Oct_Unc_transcription_factor","Oopsacas minuta","Porifera","Non_Bilateria"
"Lcomp","POU","Lcomp_lcgid15394_POU_domain_class_3_transcription_factor_2_B_Transcription_factor_POU3_B","Leucosolenia complicata","Porifera","Non_Bilateria"
"Scili","POU","Scili_scgid30775_POU_domain_class_3_transcription_factor_1_POU_domain_protein_50","Sycon ciliatum","Porifera","Non_Bilateria"
"Scili","POU","Scili_scgid31406_POU_domain_protein_CF1A_Chorion_factor_1A_Protein_drifter_Ventral_veins_lacking_protein","Sycon ciliatum","Porifera","Non_Bilateria"
"Creni","POU","Creni_96","Chondrosia reniformis","Porifera","Non_Bilateria"
"Lcomp","POU","Lcomp_lcgid78689_Pituitary_specific_positive_transcription_factor_1_Growth_hormone_factor_1","Leucosolenia complicata","Porifera","Non_Bilateria"
"Scili","POU","Scili_scgid27777_Pituitary_specific_positive_transcription_factor_1_Growth_hormone_factor_1","Sycon ciliatum","Porifera","Non_Bilateria"
"Twilh","POU","Twilh_15205","Tethya wilhelma","Porifera","Non_Bilateria"
"Twilh","POU","Twilh_31236","Tethya wilhelma","Porifera","Non_Bilateria"
"Aquee","POU","Aquee_A0A1X7VUP1_POU_domain_protein","Amphimedon queenslandica","Porifera","Non_Bilateria"
"Aquee","POU","Aquee_A0A1X7TR99_POU_domain_protein","Amphimedon queenslandica","Porifera","Non_Bilateria"
"Lcomp","POU","Lcomp_lcgid41806_POU_domain_class_2_transcription_factor_1_NF_A1_Octamer_binding_protein_1_Octamer_binding_transcription_factor_1","Leucosolenia complicata","Porifera","Non_Bilateria"
"Scili","POU","Scili_scgid26337_POU_domain_class_2_transcription_factor_1_NF_A1_Octamer_binding_protein_1_Octamer_binding_transcription_factor_1","Sycon ciliatum","Porifera","Non_Bilateria"
"Scili","SOX","Scili_scgid5371_Transcription_factor_SOX_18","Sycon ciliatum","Porifera","Non_Bilateria"
"Scili","SOX","Scili_scgid5371_Transcription_factor_SOX_10","Sycon ciliatum","Porifera","Non_Bilateria"
"Lcomp","SOX","Lcomp_lcgid0241_Transcription_factor_Sox_8","Leucosolenia complicata","Porifera","Non_Bilateria"
"Lcomp","SOX","Lcomp_lcgid0241_Transcription_factor_Sox_8_2","Leucosolenia complicata","Porifera","Non_Bilateria"
"Lcomp","SOX","Lcomp_lcgid44001_Transcription_factor_SOX_8","Leucosolenia complicata","Porifera","Non_Bilateria"
"Scili","SOX","Scili_scgid10849_Transcription_factor_SOX_8","Sycon ciliatum","Porifera","Non_Bilateria"
"Pfici","SOX","Pfici_41361","Petrosia ficiformis","Porifera","Non_Bilateria"
"Avast","SOX","Avast_9577","Aphrocallistes vastus","Porifera","Non_Bilateria"
"Ominu","SOX","Ominu_Transcription_factor_SOX_3","Oopsacas minuta","Porifera","Non_Bilateria"
"Avast","SOX","Avast_35191","Aphrocallistes vastus","Porifera","Non_Bilateria"
"Scili","SOX","Scili_scgid18511_Transcription_factor_Sox_14","Sycon ciliatum","Porifera","Non_Bilateria"
"Creni","SOX","Creni_56885","Chondrosia reniformis","Porifera","Non_Bilateria"
"Lcomp","SOX","Lcomp_lcgid36394_Transcription_factor_SOX_14_SRY_related_protein_CH60","Leucosolenia complicata","Porifera","Non_Bilateria"
"Lcomp","SOX","Lcomp_lcgid39081_Transcription_factor_SOX_14_SRY_related_protein_CH60","Leucosolenia complicata","Porifera","Non_Bilateria"
"Pfici","SOX","Pfici_50212","Petrosia ficiformis","Porifera","Non_Bilateria"
"Aquee","SOX","Aquee_A0A1X7V4W9_HMG_box_domain_containing_protein","Amphimedon queenslandica","Porifera","Non_Bilateria"
"Twilh","SOX","Twilh_9198","Tethya wilhelma","Porifera","Non_Bilateria"
"Lcomp","SOX","Lcomp_lcgid26212_Transcription_factor_Sox_7","Leucosolenia complicata","Porifera","Non_Bilateria"
"Scili","SOX","Scili_scgid22677_Transcription_factor_SOX_7","Sycon ciliatum","Porifera","Non_Bilateria"
"Scili","SOX","Scili_scgid0079_Transcription_factor_SOX_7","Sycon ciliatum","Porifera","Non_Bilateria"
"Scili","SOX","Scili_scgid0079_Transcription_factor_SOX_7_2","Sycon ciliatum","Porifera","Non_Bilateria"
"Creni","SOX","Creni_56688","Chondrosia reniformis","Porifera","Non_Bilateria"
"Pfici","SOX","Pfici_49990","Petrosia ficiformis","Porifera","Non_Bilateria"
"Aquee","SOX","Aquee_A0A1X7UIP5_HMG_box_domain_containing_protein","Amphimedon queenslandica","Porifera","Non_Bilateria"
"Lcomp","SOX","Lcomp_lcgid23539_SOX_domain_containing_protein_dichaete_Protein_fish_hook","Leucosolenia complicata","Porifera","Non_Bilateria"
"Lcomp","SOX","Lcomp_lcgid41100_Transcription_factor_SOX_10","Leucosolenia complicata","Porifera","Non_Bilateria"
"Lcomp","SOX","Lcomp_lcgid0187_Transcription_factor_SOX_10","Leucosolenia complicata","Porifera","Non_Bilateria"
"Lcomp","SOX","Lcomp_lcgid43159_Transcription_factor_SOX_8","Leucosolenia complicata","Porifera","Non_Bilateria"
"Scili","SOX","Scili_scgid8334_Transcription_factor_SOX_8","Sycon ciliatum","Porifera","Non_Bilateria"
"Scili","SOX","Scili_scgid3087_Protein_SOX_15_Protein_SOX_12_Protein_SOX_20","Sycon ciliatum","Porifera","Non_Bilateria"
"Scili","SOX","Scili_scgid3087_Protein_SOX_15_Protein_SOX_12_Protein_SOX_20_2","Sycon ciliatum","Porifera","Non_Bilateria"
"Creni","SOX","Creni_83070","Chondrosia reniformis","Porifera","Non_Bilateria"
"Ominu","SOX","Ominu_high_mobility_group_HMG_box_containing_transcription_factor_Sox_2","Oopsacas minuta","Porifera","Non_Bilateria"
"Scili","SOX","Scili_scgid0785_Transcription_factor_SOX_13_SRY_Sex_determining_region_Y_box_13","Sycon ciliatum","Porifera","Non_Bilateria"
"Scili","SOX","Scili_scgid0785_Transcription_factor_SOX_7","Sycon ciliatum","Porifera","Non_Bilateria"
"Scili","SOX","Scili_scgid0785_Transcription_factor_Sox_17_beta_3_SRY_sex_determining_region_Y_box_17_beta_3","Sycon ciliatum","Porifera","Non_Bilateria"
"Emuel","SOX","Emuel_31688","Ephydatia muelleri","Porifera","Non_Bilateria"
"Slacu","SOX","Slacu_7196","Spongilla lacustris","Porifera","Non_Bilateria"
"Twilh","SOX","Twilh_15288","Tethya wilhelma","Porifera","Non_Bilateria"
"Pfici","SOX","Pfici_41065","Petrosia ficiformis","Porifera","Non_Bilateria"
"Pfici","SOX","Pfici_41067","Petrosia ficiformis","Porifera","Non_Bilateria"
"Aquee","SOX","Aquee_B1A9Y7_SoxC_like","Amphimedon queenslandica","Porifera","Non_Bilateria"
"Twilh","SOX","Twilh_6807","Tethya wilhelma","Porifera","Non_Bilateria"
"Lcomp","SOX","Lcomp_lcgid5781_Transcription_factor_SOX_2_delta_EF2a","Leucosolenia complicata","Porifera","Non_Bilateria"
"Lcomp","SOX","Lcomp_lcgid36302_Transcription_factor_SOX_5","Leucosolenia complicata","Porifera","Non_Bilateria"
"Lcomp","SOX","Lcomp_lcgid42477_Transcription_factor_Sox_13","Leucosolenia complicata","Porifera","Non_Bilateria"
"Scili","SOX","Scili_scgid19401_Transcription_factor_SOX_13_SRY_Sex_determining_region_Y_box_13","Sycon ciliatum","Porifera","Non_Bilateria"
"Scili","SOX","Scili_scgid27493","Sycon ciliatum","Porifera","Non_Bilateria"
"Scili","SOX","Scili_scgid7334_Sex_determining_region_Y_protein_Testis_determining_factor","Sycon ciliatum","Porifera","Non_Bilateria"
"Creni","SOX","Creni_84006","Chondrosia reniformis","Porifera","Non_Bilateria"
"Aquee","SOX","Aquee_A0A1X7V7G7_HMG_box_domain_containing_protein","Amphimedon queenslandica","Porifera","Non_Bilateria"
"Lcomp","SOX","Lcomp_lcgid51131_Transcription_factor_SOX_17","Leucosolenia complicata","Porifera","Non_Bilateria"
"Scili","SOX","Scili_scgid24020_Transcription_factor_SOX_2_delta_EF2a","Sycon ciliatum","Porifera","Non_Bilateria"
"Lcomp","SOX","Lcomp_lcgid39957_Putative_transcription_factor_SOX_15_Sox50E","Leucosolenia complicata","Porifera","Non_Bilateria"
"Creni","SOX","Creni_63822","Chondrosia reniformis","Porifera","Non_Bilateria"
"Lcomp","SOX","Lcomp_lcgid60833_Transcription_factor_Sox_3","Leucosolenia complicata","Porifera","Non_Bilateria"
"Lcomp","SOX","Lcomp_lcgid15953_Transcription_factor_Sox_7","Leucosolenia complicata","Porifera","Non_Bilateria"
"Lcomp","NKL","Lcomp_lcgid71223_Homeobox_protein_Hmx","Leucosolenia complicata","Porifera","Non_Bilateria"
"Scili","NKL","Scili_scgid13518_Homeobox_protein_Hmx","Sycon ciliatum","Porifera","Non_Bilateria"
"Pfici","NKL","Pfici_60202","Petrosia ficiformis","Porifera","Non_Bilateria"
"Aquee","NKL","Aquee_A0A1X7VJU1_Homeobox_domain_containing_protein","Amphimedon queenslandica","Porifera","Non_Bilateria"
"Emuel","NKL","Emuel_24677","Ephydatia muelleri","Porifera","Non_Bilateria"
"Slacu","NKL","Slacu_4985","Spongilla lacustris","Porifera","Non_Bilateria"
"Creni","NKL","Creni_26612","Chondrosia reniformis","Porifera","Non_Bilateria"
"Pfici","NKL","Pfici_55919","Petrosia ficiformis","Porifera","Non_Bilateria"
"Aquee","NKL","Aquee_A0A1X7V2F8_Uncharacterized_protein","Amphimedon queenslandica","Porifera","Non_Bilateria"
"Twilh","NKL","Twilh_16256","Tethya wilhelma","Porifera","Non_Bilateria"
"Lcomp","NKL","Lcomp_lcgid59866_Muscle_specific_homeobox_protein_tinman_Msh_2_NK_4","Leucosolenia complicata","Porifera","Non_Bilateria"
"Scili","NKL","Scili_scgid17215_Muscle_specific_homeobox_protein_tinman_Msh_2_NK_4","Sycon ciliatum","Porifera","Non_Bilateria"
"Aquee","NKL","Aquee_A0A1X7VQA7_Homeobox_domain_containing_protein","Amphimedon queenslandica","Porifera","Non_Bilateria"
"Creni","NKL","Creni_16191","Chondrosia reniformis","Porifera","Non_Bilateria"
"Twilh","NKL","Twilh_13151","Tethya wilhelma","Porifera","Non_Bilateria"
"Slacu","NKL","Slacu_38989","Spongilla lacustris","Porifera","Non_Bilateria"
"Pfici","NKL","Pfici_60197","Petrosia ficiformis","Porifera","Non_Bilateria"
"Creni","NKL","Creni_74428","Chondrosia reniformis","Porifera","Non_Bilateria"
"Lcomp","NKL","Lcomp_lcgid66669_Homeobox_protein_MSX_2_MSX_1_QUOX_7","Leucosolenia complicata","Porifera","Non_Bilateria"
"Scili","NKL","Scili_scgid14067_Muscle_segmentation_homeobox_Protein_drop_Protein_msh","Sycon ciliatum","Porifera","Non_Bilateria"
"Lcomp","NKL","Lcomp_lcgid41733_Homeobox_protein_Hmx","Leucosolenia complicata","Porifera","Non_Bilateria"
"Scili","NKL","Scili_scgid28197_Homeobox_protein_Hmx_H6_like","Sycon ciliatum","Porifera","Non_Bilateria"
"Creni","NKL","Creni_56861","Chondrosia reniformis","Porifera","Non_Bilateria"
"Creni","NKL","Creni_15984","Chondrosia reniformis","Porifera","Non_Bilateria"
"Lcomp","NKL","Lcomp_lcgid29756_Homeobox_protein_10","Leucosolenia complicata","Porifera","Non_Bilateria"
"Scili","NKL","Scili_scgid32011_Homeobox_protein_Hmx","Sycon ciliatum","Porifera","Non_Bilateria"
"Scili","NKL","Scili_scgid3970_Homeobox_protein_MSH_D","Sycon ciliatum","Porifera","Non_Bilateria"
"Scili","NKL","Scili_scgid3970_Homeobox_protein_MSH_D_2","Sycon ciliatum","Porifera","Non_Bilateria"
"Twilh","NKL","Twilh_35505","Tethya wilhelma","Porifera","Non_Bilateria"
"Emuel","NKL","Emuel_16645","Ephydatia muelleri","Porifera","Non_Bilateria"
"Slacu","NKL","Slacu_17410","Spongilla lacustris","Porifera","Non_Bilateria"
"Twilh","NKL","Twilh_27081","Tethya wilhelma","Porifera","Non_Bilateria"
"Lcomp","NKL","Lcomp_lcgid1441_Muscle_specific_homeobox_protein_tinman_Msh_2_NK_4","Leucosolenia complicata","Porifera","Non_Bilateria"
"Lcomp","NKL","Lcomp_lcgid1441_Muscle_specific_homeobox_protein_tinman_Msh_2_NK_4_2","Leucosolenia complicata","Porifera","Non_Bilateria"
"Scili","NKL","Scili_scgid19096","Sycon ciliatum","Porifera","Non_Bilateria"
"Lcomp","NKL","Lcomp_lcgid37259_Homeobox_protein_EMX1_Empty_spiracles_homolog_1_Empty_spiracles_like_protein_1","Leucosolenia complicata","Porifera","Non_Bilateria"
"Lcomp","NKL","Lcomp_lcgid2847_2","Leucosolenia complicata","Porifera","Non_Bilateria"
"Lcomp","NKL","Lcomp_lcgid71779_Pituitary_homeobox_3_Homeobox_protein_PITX3_Paired_like_homeodomain_transcription_factor_3","Leucosolenia complicata","Porifera","Non_Bilateria"
"Aquee","NKL","Aquee_A0A1X7VK02_Homeobox_domain_containing_protein","Amphimedon queenslandica","Porifera","Non_Bilateria"
"Avast","NKL","Avast_1071","Aphrocallistes vastus","Porifera","Non_Bilateria"
"Ominu","NKL","Ominu_Homeodomain_HD_containing_transcription_factor","Oopsacas minuta","Porifera","Non_Bilateria"
"Lcomp","NKL","Lcomp_lcgid5384_Homeobox_protein_Nkx_2_5_Homeobox_protein_NK_2_homolog_E","Leucosolenia complicata","Porifera","Non_Bilateria"
"Lcomp","NKL","Lcomp_lcgid7128_Homeobox_protein_Nkx_2_3_Homeobox_protein_NK_2_homolog_C","Leucosolenia complicata","Porifera","Non_Bilateria"
"Lcomp","NKL","Lcomp_lcgid61427_Homeobox_protein_Nkx_2_3_Homeobox_protein_NK_2_homolog_C","Leucosolenia complicata","Porifera","Non_Bilateria"
"Lcomp","NKL","Lcomp_lcgid66610_Homeobox_protein_Nkx_2_3_Homeobox_protein_NK_2_homolog_C","Leucosolenia complicata","Porifera","Non_Bilateria"
"Lcomp","NKL","Lcomp_lcgid33310_Homeobox_protein_Nkx_2_3_Homeobox_protein_NK_2_homolog_C","Leucosolenia complicata","Porifera","Non_Bilateria"
"Lcomp","NKL","Lcomp_lcgid53910_Homeobox_protein_Nkx_2_3_Homeobox_protein_NK_2_homolog_C","Leucosolenia complicata","Porifera","Non_Bilateria"
"Lcomp","NKL","Lcomp_lcgid68089_Homeobox_protein_Nkx_2_3_Homeobox_protein_NK_2_homolog_C","Leucosolenia complicata","Porifera","Non_Bilateria"
"Scili","NKL","Scili_scgid12154_Homeobox_protein_Nkx_2_3_Homeobox_protein_NK_2_homolog_C","Sycon ciliatum","Porifera","Non_Bilateria"
"Scili","NKL","Scili_scgid4613_Homeobox_protein_Nkx_2_3_Homeobox_protein_NK_2_homolog_C_2","Sycon ciliatum","Porifera","Non_Bilateria"
"Scili","NKL","Scili_scgid4613_Homeobox_protein_Nkx_2_3_Homeobox_protein_NK_2_homolog_C","Sycon ciliatum","Porifera","Non_Bilateria"
"Lcomp","HOX","Lcomp_lcgid5384_Homeobox_protein_Hox_C11a","Leucosolenia complicata","Porifera","Non_Bilateria"
"Lcomp","HOX","Lcomp_lcgid5384_Homeobox_protein_Hox_C11a_2","Leucosolenia complicata","Porifera","Non_Bilateria"
"Lcomp","HOX","Lcomp_lcgid50646_Paired_mesoderm_homeobox_protein_2B_Neuroblastoma_Phox_PHOX2B_homeodomain_protein_Paired_like_homeobox_2B_gt_Paired_mesoderm_homeobox_protein_2B_Neuroblastoma_Phox_PHOX2B_homeodomain_protein_Paired_like_homeobox_2B","Leucosolenia complicata","Porifera","Non_Bilateria"
"Scili","HOX","Scili_scgid31511_Homeobox_protein_aristaless","Sycon ciliatum","Porifera","Non_Bilateria"
"Emuel","HOX","Emuel_20975","Ephydatia muelleri","Porifera","Non_Bilateria"
"Twilh","HOX","Twilh_31677","Tethya wilhelma","Porifera","Non_Bilateria"
"Creni","HOX","Creni_15486","Chondrosia reniformis","Porifera","Non_Bilateria"
"Lcomp","HOX","Lcomp_lcgid63071","Leucosolenia complicata","Porifera","Non_Bilateria"
"Scili","HOX","Scili_scgid26076_Homeobox_protein_Hox_C6b","Sycon ciliatum","Porifera","Non_Bilateria"
"Pfici","HOX","Pfici_60171","Petrosia ficiformis","Porifera","Non_Bilateria"
"Aquee","HOX","Aquee_A0A1X7UW97_Homeobox_domain_containing_protein","Amphimedon queenslandica","Porifera","Non_Bilateria"
"Lcomp","HOX","Lcomp_lcgid2877_Homeobox_protein_prophet_of_Pit_1_Pituitary_specific_homeodomain_factor","Leucosolenia complicata","Porifera","Non_Bilateria"
"Lcomp","HOX","Lcomp_lcgid2877_Homeobox_protein_prophet_of_Pit_1_Pituitary_specific_homeodomain_factor_3","Leucosolenia complicata","Porifera","Non_Bilateria"
"Lcomp","HOX","Lcomp_lcgid2877_Homeobox_protein_prophet_of_Pit_1_Pituitary_specific_homeodomain_factor_2","Leucosolenia complicata","Porifera","Non_Bilateria"
"Scili","HOX","Scili_scgid3342_Protein_gooseberry_neuro_BSH4_Protein_gooseberry_proximal_2","Sycon ciliatum","Porifera","Non_Bilateria"
"Scili","HOX","Scili_scgid21050_Intestine_specific_homeobox","Sycon ciliatum","Porifera","Non_Bilateria"
"Aquee","ZF","Aquee_A0A1X7VPD0_Homeobox_domain_containing_protein","Amphimedon queenslandica","Porifera","Non_Bilateria"
"Aquee","ZF","Aquee_A0A1X7UM72_Homeobox_domain_containing_protein","Amphimedon queenslandica","Porifera","Non_Bilateria"
"Lcomp","ZF","Lcomp_lcgid37426_Homeobox_protein_10","Leucosolenia complicata","Porifera","Non_Bilateria"
"Creni","ZF","Creni_4445","Chondrosia reniformis","Porifera","Non_Bilateria"
"Scili","ZF","Scili_scgid10923_POU_domain_class_5_transcription_factor_1_Octamer_binding_protein_3_Octamer_binding_protein_4_Octamer_binding_transcription_factor_3","Sycon ciliatum","Porifera","Non_Bilateria"
"Emuel","SINE","Emuel_22119","Ephydatia muelleri","Porifera","Non_Bilateria"
"Creni","SINE","Creni_41970","Chondrosia reniformis","Porifera","Non_Bilateria"
"Avast","SINE","Avast_1695","Aphrocallistes vastus","Porifera","Non_Bilateria"
"Ominu","SINE","Ominu_sine_oculis_homeobox_Six_transcription_factor","Oopsacas minuta","Porifera","Non_Bilateria"
"Lcomp","SINE","Lcomp_lcgid24836_Homeobox_protein_SIX2_Sine_oculis_homeobox_homolog_2","Leucosolenia complicata","Porifera","Non_Bilateria"
"Scili","SINE","Scili_scgid21515_Homeobox_protein_SIX1_Sine_oculis_homeobox_homolog_1_gt_Homeobox_protein_SIX1_Sine_oculis_homeobox_homolog_1","Sycon ciliatum","Porifera","Non_Bilateria"
"Lcomp","SINE","Lcomp_lcgid4017_Homeobox_protein_SIX2_Sine_oculis_homeobox_homolog_2","Leucosolenia complicata","Porifera","Non_Bilateria"
"Lcomp","SINE","Lcomp_lcgid4017_Homeobox_protein_SIX1_Sine_oculis_homeobox_homolog_1","Leucosolenia complicata","Porifera","Non_Bilateria"
"Scili","SINE","Scili_scgid12735_Homeobox_protein_SIX2_Sine_oculis_homeobox_homolog_2","Sycon ciliatum","Porifera","Non_Bilateria"
"Lcomp","SINE","Lcomp_lcgid50960_Protein_sine_oculis","Leucosolenia complicata","Porifera","Non_Bilateria"
"Scili","SINE","Scili_scgid17600_Homeobox_protein_SIX4_Sine_oculis_homeobox_homolog_4_Skeletal_muscle_specific_ARE_binding_protein_AREC3","Sycon ciliatum","Porifera","Non_Bilateria"
"Lcomp","SINE","Lcomp_lcgid71216_Protein_sine_oculis","Leucosolenia complicata","Porifera","Non_Bilateria"
"Scili","SINE","Scili_scgid35531_Protein_sine_oculis","Sycon ciliatum","Porifera","Non_Bilateria"
"Aquee","SINE","Aquee_A0A1X7UXL5_Homeobox_domain_containing_protein","Amphimedon queenslandica","Porifera","Non_Bilateria"
"Pfici","SINE","Pfici_41936","Petrosia ficiformis","Porifera","Non_Bilateria"
"Pfici","SINE","Pfici_41938","Petrosia ficiformis","Porifera","Non_Bilateria"
"Twilh","SINE","Twilh_33641","Tethya wilhelma","Porifera","Non_Bilateria"
"Slacu","SINE","Slacu_37756","Spongilla lacustris","Porifera","Non_Bilateria"
"Emuel","HNF","Emuel_22884","Ephydatia muelleri","Porifera","Non_Bilateria"
"Twilh","HNF","Twilh_36590","Tethya wilhelma","Porifera","Non_Bilateria"
"Twilh","HNF","Twilh_36591","Tethya wilhelma","Porifera","Non_Bilateria"
"Pfici","HNF","Pfici_29720","Petrosia ficiformis","Porifera","Non_Bilateria"
"Aquee","HNF","Aquee_A0A1X7TJ22_Uncharacterized_protein","Amphimedon queenslandica","Porifera","Non_Bilateria"
"Avast","HNF","Avast_5820","Aphrocallistes vastus","Porifera","Non_Bilateria"
"Ominu","HNF","Ominu_hepatic_nuclear_factor_1_Hnf_1_transcription_factor","Oopsacas minuta","Porifera","Non_Bilateria"
"Slacu","HNF","Slacu_2232","Spongilla lacustris","Porifera","Non_Bilateria"
"Slacu","HNF","Slacu_2233","Spongilla lacustris","Porifera","Non_Bilateria"
"Lcomp","CUT","Lcomp_lcgid33975_Homeobox_protein_cut_like_1_CCAAT_displacement_protein_CDP2_Homeobox_protein_cux_1","Leucosolenia complicata","Porifera","Non_Bilateria"
"Lcomp","CUT","Lcomp_lcgid37295","Leucosolenia complicata","Porifera","Non_Bilateria"
"Scili","CUT","Scili_scgid10143_One_cut_domain_family_member_3_One_cut_homeobox_3_Transcription_factor_ONECUT_3","Sycon ciliatum","Porifera","Non_Bilateria"
"Dcost","CERS","Dcost_Choano_EP00039_Didymoeca_costata_P032953_m_40076_g_40076_ORF_g_40076_m_40076_type_complete_len_405_comp9622_c0_seq1_162_1376_","Didymoeca costata","Choanoflagellata","Unicellular_Holozoa"
"Choll","CERS","Choll_Choano_EP00042_Codosiga_hollandica_P059635_m_920046_g_920046_ORF_g_920046_m_920046_type_5prime_partial_len_466_comp60881_c0_seq1_2_1399_","Codosida hollandica","Choanoflagellata","Unicellular_Holozoa"
"Choll","CERS","Choll_59635","Codosida hollandica","Choanoflagellata","Unicellular_Holozoa"
"Mfluc","CERS","Mfluc_Choano_EP00047_Mylnosiga_fluctuans_P002758_m_225787_g_225787_ORF_g_225787_m_225787_type_5prime_partial_len_362_comp11320_c0_seq1_2_1087_","Mylnosiga fluctuans","Choanoflagellata","Unicellular_Holozoa"
"Mfluc","CERS","Mfluc_2758","Mylnosiga fluctuans","Choanoflagellata","Unicellular_Holozoa"
"Sheli","CERS","Sheli_Choano_EP00048_Salpingoeca_helianthica_P015857_m_228997_g_228997_ORF_g_228997_m_228997_type_complete_len_358_comp17645_c0_seq1_125_1198_","Salpingoeca helianthica","Choanoflagellata","Unicellular_Holozoa"
"Sheli","CERS","Sheli_15857","Salpingoeca helianthica","Choanoflagellata","Unicellular_Holozoa"
"Smacr","CERS","Smacr_Choano_EP00052_Salpingoeca_macrocollata_P010682_m_82923_g_82923_ORF_g_82923_m_82923_type_5prime_partial_len_401_comp17680_c1_seq3_121_1323_","Salpingoeca macrocollata","Choanoflagellata","Unicellular_Holozoa"
"Smacr","CERS","Smacr_10682","Salpingoeca macrocollata","Choanoflagellata","Unicellular_Holozoa"
"Smacr","CERS","Smacr_Choano_EP00052_Salpingoeca_macrocollata_P028220_m_271611_g_271611_ORF_g_271611_m_271611_type_5prime_partial_len_442_comp22838_c0_seq6_3_1328_","Salpingoeca macrocollata","Choanoflagellata","Unicellular_Holozoa"
"Smacr","CERS","Smacr_28220","Salpingoeca macrocollata","Choanoflagellata","Unicellular_Holozoa"
"Spuni","CERS","Spuni_Choano_EP00053_Salpingoeca_punica_P012055_m_107529_g_107529_ORF_g_107529_m_107529_type_5prime_partial_len_376_comp15845_c1_seq2_3798_4925_","Salpingoeca punica","Choanoflagellata","Unicellular_Holozoa"
"Spuni","CERS","Spuni_12055","Salpingoeca punica","Choanoflagellata","Unicellular_Holozoa"
"Dcost","CERS","Dcost_32953","Didymoeca costata","Choanoflagellata","Unicellular_Holozoa"
"Mfluc","POU","Mfluc_Choano_EP00047_Mylnosiga_fluctuans_P003150_m_227713_g_227713_ORF_g_227713_m_227713_type_5prime_partial_len_306_comp11629_c0_seq1_70_987_","Mylnosiga fluctuans","Choanoflagellata","Unicellular_Holozoa"
"Mfluc","POU","Mfluc_3150","Mylnosiga fluctuans","Choanoflagellata","Unicellular_Holozoa"
"Hnana","SOX","Hnana_Choano_EP00037_Helgoeca_nana_P009101_m_80107_g_80107_ORF_g_80107_m_80107_type_complete_len_266_comp19348_c0_seq1_309_1106_","Helgoeca nana","Choanoflagellata","Unicellular_Holozoa"
"Hnana","SOX","Hnana_9101","Helgoeca nana","Choanoflagellata","Unicellular_Holozoa"
"Sparv","SOX","Sparv_Choano_EP00038_Savillea_parva_P014024_m_213808_g_213808_ORF_g_213808_m_213808_type_5prime_partial_len_210_comp26879_c0_seq1_154_783_","Savillea parva","Choanoflagellata","Unicellular_Holozoa"
"Sparv","SOX","Sparv_14024","Savillea parva","Choanoflagellata","Unicellular_Holozoa"
"Mfluc","SOX","Mfluc_Choano_EP00047_Mylnosiga_fluctuans_P021526_m_105772_g_105772_ORF_g_105772_m_105772_type_internal_len_629_comp8928_c0_seq1_2_1891_","Mylnosiga fluctuans","Choanoflagellata","Unicellular_Holozoa"
"Mfluc","SOX","Mfluc_21526","Mylnosiga fluctuans","Choanoflagellata","Unicellular_Holozoa"
"Skvev","SOX","Skvev_Choano_EP00050_Salpingoeca_kvevrii_P005849_m_285979_g_285979_ORF_g_285979_m_285979_type_5prime_partial_len_342_comp11491_c0_seq1_3_1028_","Salpingoeca kvevrii","Choanoflagellata","Unicellular_Holozoa"
"Mfluc","SOX","Mfluc_Choano_EP00047_Mylnosiga_fluctuans_P013386_m_274019_g_274019_ORF_g_274019_m_274019_type_internal_len_171_comp48778_c0_seq1_1_516_","Mylnosiga fluctuans","Choanoflagellata","Unicellular_Holozoa"
"Mfluc","SOX","Mfluc_13386","Mylnosiga fluctuans","Choanoflagellata","Unicellular_Holozoa"
"Mfluc","SOX","Mfluc_Choano_EP00047_Mylnosiga_fluctuans_P020889_m_97523_g_97523_ORF_g_97523_m_97523_type_3prime_partial_len_143_comp8667_c0_seq9_2_430_","Mylnosiga fluctuans","Choanoflagellata","Unicellular_Holozoa"
"Mfluc","SOX","Mfluc_20889","Mylnosiga fluctuans","Choanoflagellata","Unicellular_Holozoa"
"Spuni","SOX","Spuni_Choano_EP00053_Salpingoeca_punica_P002326_m_232816_g_232816_ORF_g_232816_m_232816_type_5prime_partial_len_88_comp115204_c0_seq1_3_266_","Salpingoeca punica","Choanoflagellata","Unicellular_Holozoa"
"Spuni","SOX","Spuni_2326","Salpingoeca punica","Choanoflagellata","Unicellular_Holozoa"
"Sinfu","SOX","Sinfu_Choano_EP00049_Salpingoeca_infusionum_P017306_m_352498_g_352498_ORF_g_352498_m_352498_type_complete_len_363_comp16535_c0_seq1_563_1651_","Salpingoeca infusorum","Choanoflagellata","Unicellular_Holozoa"
"Sinfu","SOX","Sinfu_17306","Salpingoeca infusorum","Choanoflagellata","Unicellular_Holozoa"
"Skvev","SOX","Skvev_Choano_EP00050_Salpingoeca_kvevrii_P008636_m_304141_g_304141_ORF_g_304141_m_304141_type_complete_len_439_comp16595_c0_seq1_47_1363_","Salpingoeca kvevrii","Choanoflagellata","Unicellular_Holozoa"
"Sheli","SOX","Sheli_Choano_EP00048_Salpingoeca_helianthica_P002427_m_57170_g_57170_ORF_g_57170_m_57170_type_complete_len_644_comp12092_c2_seq1_120_2051_","Salpingoeca helianthica","Choanoflagellata","Unicellular_Holozoa"
"Sheli","SOX","Sheli_2427","Salpingoeca helianthica","Choanoflagellata","Unicellular_Holozoa"
"Sheli","SOX","Sheli_Choano_EP00048_Salpingoeca_helianthica_P006679_m_101454_g_101454_ORF_g_101454_m_101454_type_5prime_partial_len_312_comp14090_c1_seq1_273_1208_","Salpingoeca helianthica","Choanoflagellata","Unicellular_Holozoa"
"Sheli","SOX","Sheli_6679","Salpingoeca helianthica","Choanoflagellata","Unicellular_Holozoa"
"Surce","SOX","Surce_Choano_EP00051_Salpingoeca_urceolata_P030052_m_540931_g_540931_ORF_g_540931_m_540931_type_internal_len_89_comp309053_c0_seq1_2_271_","Salpingoeca urceolata","Choanoflagellata","Unicellular_Holozoa"
"Surce","SOX","Surce_30052","Salpingoeca urceolata","Choanoflagellata","Unicellular_Holozoa"
"Bmino","SOX","Bmino_Choano_EP00729_Bicosta_minor_P014213_gene14213_35280_t","Bicosta minor","Choanoflagellata","Unicellular_Holozoa"
"Surce","SOX","Surce_Choano_EP00051_Salpingoeca_urceolata_P010263_m_125023_g_125023_ORF_g_125023_m_125023_type_5prime_partial_len_445_comp16642_c0_seq2_2_1336_","Salpingoeca urceolata","Choanoflagellata","Unicellular_Holozoa"
"Surce","SOX","Surce_10263","Salpingoeca urceolata","Choanoflagellata","Unicellular_Holozoa"
"Mfluc","SOX","Mfluc_Choano_EP00047_Mylnosiga_fluctuans_P011749_m_270040_g_270040_ORF_g_270040_m_270040_type_5prime_partial_len_318_comp37858_c0_seq1_1_954_","Mylnosiga fluctuans","Choanoflagellata","Unicellular_Holozoa"
"Mfluc","SOX","Mfluc_11749","Mylnosiga fluctuans","Choanoflagellata","Unicellular_Holozoa"
"Bmino","SOX","Bmino_Choano_EP00729_Bicosta_minor_P005656_gene5656_12037_t","Bicosta minor","Choanoflagellata","Unicellular_Holozoa"
"Mbrev","SOX","Mbrev_Choano_EP00046_Monosiga_brevicollis_P001860_XP_001743858_1_hypothetical_protein_Monosiga_brevicollis_MX1_","Monosiga brevicollis","Choanoflagellata","Unicellular_Holozoa"
"Mbrev","SOX","Mbrev_A9UT61_HMG_box_domain_containing_protein","Monosiga brevicollis","Choanoflagellata","Unicellular_Holozoa"
"Mfluc","SOX","Mfluc_Choano_EP00047_Mylnosiga_fluctuans_P009314_m_262615_g_262615_ORF_g_262615_m_262615_type_5prime_partial_len_312_comp25638_c0_seq1_153_1088_","Mylnosiga fluctuans","Choanoflagellata","Unicellular_Holozoa"
"Mfluc","SOX","Mfluc_9314","Mylnosiga fluctuans","Choanoflagellata","Unicellular_Holozoa"
"Sheli","SOX","Sheli_Choano_EP00048_Salpingoeca_helianthica_P024508_m_32891_g_32891_ORF_g_32891_m_32891_type_complete_len_454_comp9432_c0_seq1_207_1568_","Salpingoeca helianthica","Choanoflagellata","Unicellular_Holozoa"
"Sheli","SOX","Sheli_24508","Salpingoeca helianthica","Choanoflagellata","Unicellular_Holozoa"
"Mfluc","SOX","Mfluc_Choano_EP00047_Mylnosiga_fluctuans_P010353_m_266051_g_266051_ORF_g_266051_m_266051_type_5prime_partial_len_489_comp30799_c0_seq1_252_1718_","Mylnosiga fluctuans","Choanoflagellata","Unicellular_Holozoa"
"Mfluc","SOX","Mfluc_10353","Mylnosiga fluctuans","Choanoflagellata","Unicellular_Holozoa"
"Mbrev","SOX","Mbrev_Choano_EP00046_Monosiga_brevicollis_P008035_XP_001750033_1_hypothetical_protein_Monosiga_brevicollis_MX1_","Monosiga brevicollis","Choanoflagellata","Unicellular_Holozoa"
"Mbrev","SOX","Mbrev_A9VBB6_HMG_box_domain_containing_protein","Monosiga brevicollis","Choanoflagellata","Unicellular_Holozoa"
"Sdipl","SOX","Sdipl_24036","Stephanoeca diplocostata","Choanoflagellata","Unicellular_Holozoa"
"Aspec","SOX","Aspec_Choano_EP00035_Acanthoeca_spectabilis_P020037_m_430861_g_430861_ORF_g_430861_m_430861_type_complete_len_261_comp17220_c0_seq1_101_883_","Acanthoeca spectabilis","Choanoflagellata","Unicellular_Holozoa"
"Sparv","SOX","Sparv_Choano_EP00038_Savillea_parva_P005912_m_160630_g_160630_ORF_g_160630_m_160630_type_complete_len_276_comp11971_c0_seq1_330_1157_","Savillea parva","Choanoflagellata","Unicellular_Holozoa"
"Sparv","SOX","Sparv_5912","Savillea parva","Choanoflagellata","Unicellular_Holozoa"
"Aspec","ZF","Aspec_Choano_EP00035_Acanthoeca_spectabilis_P029715_m_6150_g_6150_ORF_g_6150_m_6150_type_complete_len_571_comp3803_c0_seq1_227_1939_","Acanthoeca spectabilis","Choanoflagellata","Unicellular_Holozoa"
"ClimH","LIM","ClimH_6057","Corallochytrium limacisporum","Corallochytrea","Unicellular_Holozoa"
"ClimI","LIM","ClimI_1011","Corallochytrium limacisporum","Corallochytrea","Unicellular_Holozoa"
"Smult","LIM","Smult_28831","Syssomonas multiformis","Corallochytrea","Unicellular_Holozoa"
"Smult","SOX","Smult_3090","Syssomonas multiformis","Corallochytrea","Unicellular_Holozoa"
"Smult","SOX","Smult_3091","Syssomonas multiformis","Corallochytrea","Unicellular_Holozoa"
"Smult","SOX","Smult_32469","Syssomonas multiformis","Corallochytrea","Unicellular_Holozoa"
"Smult","SOX","Smult_35087","Syssomonas multiformis","Corallochytrea","Unicellular_Holozoa"
"Smult","SOX","Smult_35088","Syssomonas multiformis","Corallochytrea","Unicellular_Holozoa"
"Smult","SOX","Smult_40950","Syssomonas multiformis","Corallochytrea","Unicellular_Holozoa"
"Smult","SOX","Smult_19278","Syssomonas multiformis","Corallochytrea","Unicellular_Holozoa"
"Smult","SOX","Smult_14414","Syssomonas multiformis","Corallochytrea","Unicellular_Holozoa"
"Smult","SOX","Smult_40285","Syssomonas multiformis","Corallochytrea","Unicellular_Holozoa"
"Cowcz","LIM","Cowcz_A0A0D2X0Y4_Homeobox_domain_containing_protein","Capsaspora owczarzaki","Filasterea","Unicellular_Holozoa"
"Pchil","LIM","Pchil_2766","Pigoraptor chileana","Filasterea","Unicellular_Holozoa"
"Pviet","LIM","Pviet_6974","Pigoraptor vietnamica","Filasterea","Unicellular_Holozoa"
"Tphil","LIM","Tphil_7053","Txikispora philomaios","Filasterea","Unicellular_Holozoa"
"Mvibr","CERS","Mvibr_2791","Ministeria vibrans","Filasterea","Unicellular_Holozoa"
"Cowcz","CERS","Cowcz_A0A0D2UL10_Longevity_protein","Capsaspora owczarzaki","Filasterea","Unicellular_Holozoa"
"Tphil","CERS","Tphil_3564","Txikispora philomaios","Filasterea","Unicellular_Holozoa"
"Tphil","SOX","Tphil_358","Txikispora philomaios","Filasterea","Unicellular_Holozoa"
"Tphil","SOX","Tphil_4551","Txikispora philomaios","Filasterea","Unicellular_Holozoa"
"Pchil","SOX","Pchil_703","Pigoraptor chileana","Filasterea","Unicellular_Holozoa"
"Mvibr","SOX","Mvibr_9840","Ministeria vibrans","Filasterea","Unicellular_Holozoa"
"Mvibr","SOX","Mvibr_4986","Ministeria vibrans","Filasterea","Unicellular_Holozoa"
"Mvibr","NKL","Mvibr_9158","Ministeria vibrans","Filasterea","Unicellular_Holozoa"
"Cowcz","ZF","Cowcz_A0A0D2WPK2_Homeobox_domain_containing_protein","Capsaspora owczarzaki","Filasterea","Unicellular_Holozoa"
"Apara","LIM","Apara_5670","Amoebidium parasiticum","Ichthyosporea","Unicellular_Holozoa"
"Apara","LIM","Apara_11276","Amoebidium parasiticum","Ichthyosporea","Unicellular_Holozoa"
"Ihofe","LIM","Ihofe_4432","Ichthyophonus hoferi","Ichthyosporea","Unicellular_Holozoa"
"Awhis","LIM","Awhis_7328","Abeoforma whisleri","Ichthyosporea","Unicellular_Holozoa"
"Pgemm","LIM","Pgemm_9939","Pirum gemmata","Ichthyosporea","Unicellular_Holozoa"
"Cperk","LIM","Cperk_897","Chromosfaera perkinsii","Ichthyosporea","Unicellular_Holozoa"
"Apara","CERS","Apara_12479","Amoebidium parasiticum","Ichthyosporea","Unicellular_Holozoa"
"Cfrag","CERS","Cfrag_3877","Creolimax fragrantissima","Ichthyosporea","Unicellular_Holozoa"
"Awhis","CERS","Awhis_10864","Abeoforma whisleri","Ichthyosporea","Unicellular_Holozoa"
"Apara","SOX","Apara_15752","Amoebidium parasiticum","Ichthyosporea","Unicellular_Holozoa"
"Ihofe","SOX","Ihofe_1680","Ichthyophonus hoferi","Ichthyosporea","Unicellular_Holozoa"
"Apara","NKL","Apara_8030","Amoebidium parasiticum","Ichthyosporea","Unicellular_Holozoa"
"Cperk","NKL","Cperk_12310","Chromosfaera perkinsii","Ichthyosporea","Unicellular_Holozoa"
"Apara","NKL","Apara_8307","Amoebidium parasiticum","Ichthyosporea","Unicellular_Holozoa"
"Ihofe","NKL","Ihofe_1322","Ichthyophonus hoferi","Ichthyosporea","Unicellular_Holozoa"
"Awhis","HOX","Awhis_2520","Abeoforma whisleri","Ichthyosporea","Unicellular_Holozoa"
"Cperk","ZF","Cperk_9677","Chromosfaera perkinsii","Ichthyosporea","Unicellular_Holozoa"
"Cperk","ZF","Cperk_9680","Chromosfaera perkinsii","Ichthyosporea","Unicellular_Holozoa"
"Cperk","ZF","Cperk_9683","Chromosfaera perkinsii","Ichthyosporea","Unicellular_Holozoa"
"Cperk","ZF","Cperk_9686","Chromosfaera perkinsii","Ichthyosporea","Unicellular_Holozoa"
"Apara","ZF","Apara_5669","Amoebidium parasiticum","Ichthyosporea","Unicellular_Holozoa"
"Tmela","NKL","Tmela_D5G6E8_Perigord_truffle_hypothetical_protein","Tuber melanosporum","Ascomycota","Fungi"
"Spomb","NKL","Spomb_P40923_MBF_complex_negative_regulatory_component_yox1","Schizosaccharomyces pombe","Ascomycota","Fungi"
"Spomb","HOX","Spomb_Q10328_Homeobox_transcription_factor_phx1","Schizosaccharomyces pombe","Ascomycota","Fungi"
"Tcype","NKL","Tcype_A0A317XN00_Homeobox_domain_containing_protein","Testicularia cyperi","Basidiomycota","Fungi"
"Tcype","NKL","Tcype_A0A317XPY6_Homeodomain_like_protein_Fragment","Testicularia cyperi","Basidiomycota","Fungi"
"Minte","NKL","Minte_A0A238FAF2_BQ2448_1143_protein","Microbotryum intermedium","Basidiomycota","Fungi"
"Minte","HOX","Minte_A0A238F526_BQ2448_5609_protein","Microbotryum intermedium","Basidiomycota","Fungi"
"Amacr","NKL","Amacr_A0A0L0S125_Homeobox_domain_containing_protein","Allomyces macrogynus","Blastocladiomycota","Fungi"
"Cangu","HOX","Cangu_A0A1Y2HIT8_Homeobox_domain_containing_protein","Catenaria anguillulae","Blastocladiomycota","Fungi"
"Amacr","HOX","Amacr_A0A0L0SB65_Homeobox_domain_containing_protein","Allomyces macrogynus","Blastocladiomycota","Fungi"
"Amacr","HOX","Amacr_A0A0L0RYD3_Homeobox_domain_containing_protein","Allomyces macrogynus","Blastocladiomycota","Fungi"
"Amacr","HOX","Amacr_A0A0L0SQ45_Homeobox_domain_containing_protein","Allomyces macrogynus","Blastocladiomycota","Fungi"
"Spunc","SOX","Spunc_A0A0L0HP85_HMG_box_domain_containing_protein","Spizellomyces punctatus","Chytridiomycota","Fungi"
"Spunc","NKL","Spunc_A0A0L0HQ09_Homeobox_domain_containing_protein","Spizellomyces punctatus","Chytridiomycota","Fungi"
"Spunc","HOX","Spunc_A0A0L0HFI0_Homeobox_domain_containing_protein","Spizellomyces punctatus","Chytridiomycota","Fungi"
"Phirt","HOX","Phirt_A0A507DYK1_Homeobox_domain_containing_protein","Powellomyces hirtus","Chytridiomycota","Fungi"
"Spunc","ZF","Spunc_A0A0L0HG41_Homeobox_domain_containing_protein","Spizellomyces punctatus","Chytridiomycota","Fungi"
"Gcere","SOX","Gcere_A0A397TMB9_High_mobility_group_box_domain_containing_protein_Fragment","Glomus cerebriforme","Mucoromycota","Fungi"
"Gcere","SOX","Gcere_A0A397TTD0_HMG_box_domain_containing_protein","Glomus cerebriforme","Mucoromycota","Fungi"
"Gcere","SOX","Gcere_A0A397SSH2_HMG_box_domain_containing_protein","Glomus cerebriforme","Mucoromycota","Fungi"
"Gcere","SOX","Gcere_A0A397T980_High_mobility_group_box_domain_containing_protein_Fragment","Glomus cerebriforme","Mucoromycota","Fungi"
"Gcere","NKL","Gcere_A0A397SP65_Homeobox_domain_containing_protein_Fragment","Glomus cerebriforme","Mucoromycota","Fungi"
"Gcere","HOX","Gcere_A0A397T7S9_Homeobox_domain_containing_protein_Fragment","Glomus cerebriforme","Mucoromycota","Fungi"
"Ltran","ZF","Ltran_A0A1Y2GYZ1_Homeobox_domain_containing_protein_Fragment","Lobosporangium transversale","Mucoromycota","Fungi"
"Bmeri","SOX","Bmeri_A0A1Y1YP02_High_mobility_group_box_Fragment","Basidiobolus meristosporus","Zoopagomycota","Fungi"
"Bmeri","NKL","Bmeri_A0A1Y1YEB6_Homeodomain_like_protein_Fragment","Basidiobolus meristosporus","Zoopagomycota","Fungi"
"Bmeri","NKL","Bmeri_A0A1Y1YRA0_Homeodomain_like_protein_Fragment","Basidiobolus meristosporus","Zoopagomycota","Fungi"
"Bmeri","NKL","Bmeri_A0A1Y1YAR8_Homeodomain_like_protein_Fragment","Basidiobolus meristosporus","Zoopagomycota","Fungi"
"Bmeri","NKL","Bmeri_A0A1Y1WVR0_Homeobox_Fragment","Basidiobolus meristosporus","Zoopagomycota","Fungi"
"Bmeri","NKL","Bmeri_A0A1Y1YRA1_Homeobox_domain_containing_protein_Fragment","Basidiobolus meristosporus","Zoopagomycota","Fungi"
"Bmeri","NKL","Bmeri_A0A1Y1XXP6_Homeodomain_like_protein_Fragment","Basidiobolus meristosporus","Zoopagomycota","Fungi"
"Creve","NKL","Creve_A0A2G5B4L6_Homeodomain_like_protein_Fragment","Coemansia reversa","Zoopagomycota","Fungi"
"Creve","NKL","Creve_A0A2G5BA11_Homeobox_Fragment","Coemansia reversa","Zoopagomycota","Fungi"
"Bmeri","NKL","Bmeri_A0A1Y1Z7J5_Homeobox_domain_containing_protein","Basidiobolus meristosporus","Zoopagomycota","Fungi"
"Bmeri","NKL","Bmeri_A0A1Y1Y5S4_Homeodomain_like_protein_Fragment","Basidiobolus meristosporus","Zoopagomycota","Fungi"
"Creve","NKL","Creve_A0A2G5BB11_Homeodomain_like_protein_Fragment","Coemansia reversa","Zoopagomycota","Fungi"
"Bmeri","HOX","Bmeri_A0A1Y1Y4S3_Homeobox_domain_containing_protein","Basidiobolus meristosporus","Zoopagomycota","Fungi"
